Trait,QTL,Baigao38,Jimai19,Jimai20,Jimai21,Jimai22,Jimai23,Jinan8,Jinan13,Jinan16,Jinan17,Jining13,Jining16,Liangxing66,Liangxing77,Liaomai19,Linmai2,Lu215953,Lumai1,Lumai7,Lumai8,Lumai11,Lumai12,Lumai13,Lumai14,Lumai15,Lumai16,Lumai21,Lumai22,Lumai23,SN055849,Shannong12,Shannong15,Shannong20,Shannong21,Shannong22,Shannong23,Shannong2149,Shannongai2,Shannongyoumai3,Taimai1,Taimai18,Tainong2419,Tainong2987,Tainong7018,Tainong8681,Taishan4,Taishan5,Taishan21,Taishan22,Taishan24,Taishan4606,Taishan4682,Taishan6002,Taishan9818,Taishand44304,Weimai8,Wennong19,Youbaomai,Yanfu188,Yannong19,Yannong24,Yannong25,Zhouyuan9369,Zimai12,Yannong21,Yannong23,Yan09135,Shanmai98,04zhong36,07zhong36,L54223,LS6109,SH4300,YX11-57,Aikang58,Anmai1,Anmai7,Bonong6,Cunmai12,Cunmai1,Cunmai8,Dehongfumai6,Dehongfumai7,Dehongfumai8,Fanmai5,Fanmai8,Fengwu981,Fumai2008,Guanmai1,Han09-41344,Han105284,Hannong2312,Hansheng923,Heng10-5218,Heng10s29-2,Huapei1,Huapei5,Huapei8,Huayu116,Huayu198,Jimai06039,Ji729,Jimai325,Jinhe8431,Junda129,Xun2016,Kaimai18,Kaimai21,Kenong2009,Lankao679,Liangxing99,Luomai1,Luomai21,Luomai23,Luomai24,Luomai29,Luomai31,Luomai8,Luomai9,Pingan3,Pingan6,Pingan7,Pingan8,Pingan998,Pingan9,Pumai9,Puxing5,Quanmai890,Ru0319,Ruihua1101,Ruiquanmai168,Shannong055843,Shannong0917,Shi1109-4366,Taikong6,Taixue7,Tainong9862,Tianhe3,Tianmin198,Tianmin298,Weike2,Weilai0818,Wen9519,Wen9629,Xinong529,Xinong585,Xinong979,Xianmai68,Xiangmai969,Xinmai11,Xinmai12,Xinmai16,Xinmai19,Xinmai20,Xinmai208,Xinmai21,Xinmai26,Xinmai31,Xinmai9,Xinyuan9558,Xingmai33,Xuke316,Xuke718,Xunong5,Yan99102,Yangao1,Yangao21,Bainong207,Yanzhan4110,Yimai6,Yikemai5,Yuliang1688,Yude1,Yuanx208,Yubao1,Yujiao5,Yujiao6,Yumai34,Yumai49-198,Yumai70-36,Yunong9901,Yunong201,Yunong202,Yunong982,Yuzhan4,Zhengmai004,Zhengmai0856,Zhengmai113,Zhengmai366,Zhengmai379,Zhengmai583,Zhengmai7698,Zhengmai9023,Zhengmai9045,Zhengmai9694,Zhengmai98,Zhengmai9962,Zhengnong17,Zhengnong46,Zhengpinmai8,Zhengyumai0519,Zhengyumai9987,Zhongjian49,Zhongzhongmai10,Zhongyu10,Zhongyu1123,Zhongyu12,Zhongyu5,Zhongyu6,Zhongyu7410,Zhongyu8,Zhongyu9102,Zhongyu9398,Zhongyuan18,Zhongyuanmai,Zhongyuanzhixing,Zhongmai998,Zhoumai16,Zhoumai17,Zhoumai18,Zhoumai19,Zhoumai20,Zhoumai22,Zhoumai23,Zhoumai24,Zhoumai25,Zhoumai26,Zhoumai27,Zhoumai30,Zhoumai31,Zhoumai32,Zhumai328,Xinxiangdasui,Lankao926,Luoph02,Yunong416,Luohan13,Lankaoaizao8,Xinmai0208,Luohan7,Chang4738,Jinmai31,Jin47,Jin50,Jinmai61,Linfen5064,Linfen138,Linhan536,Linkang22,Linkang5069,Linyou2069,Shunmai1718,Tai5902,Tai7209,Yunfeng175,Yunhan805,Yunhan2130,Yunhan2633,Yunhan20410,Yaomai16,Han6172,Han6228,Han708610p61,Hanmai13,Hannong351,Gaoyou2018,Gaoyou9618,Heng562,Heng4332,Heng4399,Heng4422,Heng5108,Heng5364,Heng5386,Heng6632,Hengguan33,Hengguan35,Hemai58-3,Henong5290,Ji38,Jimai585,Kenong1006,Shi4185,Shih083-366,Shimai12,Shimai15,Shimai18,Shimai22,Shiyou17,Shiyou20,Shixin633,Shixin733,Shijiazhuang8,Shijiazhuang9,Xing531,Xingmai17,Xinke8,Nongda3588,Nongda5182,Beijing0045,CA206,CA0415,CA0629,CA9553,CA9722,Jinghua9,Jingdong17,Jing411,Jing428,Jing9428,Keyi5214,Lunxuan987,Nongda135,Nongda152,Nongda179,Nongda189,Nongda193,Nongda211,Nongda212,Nongda285,Nongda408,Nongda413,Nongda3432,Nongda3492,Nongda3634,Nongda3753,Nongdayou89,Zhongmai12,Zhongmai175,Zhongmai349,Zhongmai415,Zhongmai875,Zhongyou206,Zhongyou629,Longmai212,Longmai479,Longyuan082,Changfeng2112,Jiayou,Qinnong142,Shan02-3,Shanmai139,Shanmai159,Shanmai175,Xinong158,Shan225-aixi11,Shan627,Shannong66,Shannong70,Shannong138,Shannong981,Tongmai3,Wunong6,Wunong986,Wunong988,Xinong94,Xinong165,Xinong213,Xinong556,Xinong558,Xinong822,Xinong889,Xinong928,Xinong2000,Xinong2208,Xinong2611,Xinong3517,Xinong6049,Xinong9718,Xinong9766,Xinong9833,Xinong9871,Xinong9872,Xiaoyan166,Xiaoyan216,Xiaoyan534,Xiaoyan886,Gaojiasuo,Fan6,Dabaimai,Laizhou953,Honggoudou,Shannong7859,Shuiyuan86-Awn,Yanxia1,357-1,Lumai1-Aimengniu ,04luo7671,04luo7427,Wenmai6,Anhui3,Yannong15,Caledonia,Jagger-1,APACHE,ISENGRAIN,SOISSONS,RECITAL,CROUSTY,VICTO,CRACKLIN,MV14-8S,NSA99-0372,Haruminori,GKCIPO,GKDelibab,MV18,CHD5O3,GRENADO,97Y55,HLLISFER,MV11-04,03-S1-0133,03B101,Tieganmai,Luzi238,RS53,Y415/AK58-2,Taifa51-1673,Tai(TR2),Nongda2427,Taisongfen/fen841-4,Taisongfen3/songfen3-3,Taisongfen3/songfen3-4,Taisongfen3/songfen3-6,Taisongfen3/songfen3-9,Taisongfen3/songfen3-10,Tai3205/211-5,Tai440/212-4,Tai440/212-5,Tai440/212-6,Tai440/212-11,TaiH9021/3735,Taifen3/3097,Tai440/212-1,Tai440/212-2,Tai3205/211-4,Tai440/212,Tai8901/240557-2,Tai974011/260361-1,Tai189/2552,Tai189/9507,Tai110281/2552-1,Tai110281/2552-2,Tai110281/2552-3,Tai8901/240557,Taisongfen/fen841,Tai3266/974011-4,Tai974011/260361-2,Taiserld/wsc,TaiBalmegg/D313-1,TaiBalmegg/D313-3,Tai3519/1817-3,Tai3519/1817-4,Nongda6017,Tai8901/2552,Tai10281/2552,Tai3266/974011-2,Y415/AK58,Tai3205/211-2,TAM202,Faguo51,Jinfen3,Fen841,Songfen,Fen3,Fen2,Shiluan02-1,Nongda5183,Tai3025/211F7-1,Tai3025/211F7-3,TaiH9021/3753F7,Taifen3/3097F7-2,TaiBalmegg/Di13F6-3,Nongda3338,Nongda399,Nongda981,Nongda3234,F390,Henghe1,Han60-7086,Linkang6180
GPC,QGpc.1B.1,2,1,2,2,2,2,2,2,2,2,2,2,2,2,2,2,2,2,2,2,2,1,1,2,2,2,2,2,2,2,2,2,2,2,2,2,2,2,2,2,2,2,2,2,2,2,2,1,1,2,2,2,1,2,2,2,2,2,2,2,2,2,2,2,2,2,2,2,1,1,2,2,2,2,2,2,2,2,2,2,2,2,2,2,2,2,0,2,1,2,2,2,1,2,2,1,2,1,1,1,0,2,2,2,2,1,2,2,1,2,2,2,1,2,2,2,2,2,1,2,1,1,2,2,2,2,1,1,2,2,2,2,2,2,2,1,2,2,2,1,2,2,2,2,2,2,2,2,2,1,2,1,1,2,2,1,1,2,1,2,2,1,2,1,2,1,1,1,2,1,2,2,2,1,2,2,2,2,2,2,1,2,2,2,1,2,2,2,2,2,2,1,2,2,2,2,2,1,2,2,2,2,2,2,1,1,1,2,2,2,2,1,1,1,2,2,1,2,2,2,2,2,1,1,1,2,2,2,0,2,2,2,2,2,2,2,2,2,2,1,2,1,1,1,2,1,1,2,2,1,2,2,2,2,2,1,0,2,1,2,2,1,1,2,2,2,2,1,1,2,2,2,2,2,2,2,1,2,2,2,2,2,2,2,2,2,2,2,2,2,2,2,2,2,1,2,2,1,2,2,2,2,2,2,2,2,2,2,1,1,2,2,1,2,1,2,1,1,1,1,2,2,1,2,2,2,1,2,2,2,2,2,2,2,1,2,2,2,1,2,1,1,2,2,2,2,2,2,2,2,2,2,2,2,2,2,2,1,2,0,2,2,2,2,2,2,2,2,2,2,2,2,2,2,2,2,1,1,1,1,2,1,1,2,1,1,2,2,2,2,2,1,2,2,1,1,2,2,2,2,2,2,1,1,2,2,2,1,2,2,1,2,1,2,2,1,2,2,2,0,2,2,1,1,1,1,1,1,2,1,1,1,2,2,1,1,1,1,1,2,2,2,1,1,2,1,2,2,2,1,1,1,1,0,1,2,1,2,2,1,2,2,1,1,2,1,2,2,2,1,1,2,2,1,1,2,2,2,2,2,1,1
GPC,QGpc.3A.1,2,1,2,2,2,2,1,2,2,2,2,2,2,2,2,1,2,2,2,2,2,1,1,2,2,2,2,2,1,2,2,2,2,2,2,2,2,2,2,2,2,2,2,2,2,2,2,1,1,2,2,2,1,2,2,2,2,2,2,2,2,2,2,2,2,2,2,2,1,1,2,2,2,2,2,2,2,2,2,2,2,2,2,2,2,2,1,2,1,2,2,2,1,2,2,1,2,1,1,1,1,2,2,2,2,1,2,2,1,2,2,2,1,2,2,2,2,2,1,2,1,1,2,2,2,2,1,1,2,2,2,2,2,2,2,1,2,2,2,1,2,2,2,2,2,2,2,2,2,1,2,1,1,2,2,1,1,2,1,2,2,1,2,1,2,1,1,1,2,1,2,2,2,1,2,2,2,2,2,2,1,2,2,2,1,2,2,2,2,2,2,1,2,2,2,2,2,1,2,2,2,2,2,2,1,1,1,2,2,2,2,1,1,1,2,2,1,2,2,2,2,2,1,1,1,2,2,2,1,2,2,2,2,2,2,2,2,2,2,1,2,1,1,1,2,1,1,2,2,1,2,2,2,2,2,1,1,2,1,2,2,1,1,2,2,2,2,1,1,2,2,2,2,2,2,2,1,2,2,2,2,2,2,2,2,2,2,2,2,2,2,2,2,2,1,2,2,1,2,2,2,2,2,2,2,2,2,2,1,1,2,2,1,2,1,2,1,1,1,1,2,2,1,2,2,2,1,2,2,2,2,2,2,2,1,2,2,2,1,2,1,1,2,2,2,2,2,2,2,2,2,2,2,2,2,2,2,1,2,1,2,2,2,2,2,2,2,2,2,2,2,2,2,2,2,2,1,1,1,1,2,1,1,2,1,1,2,2,2,2,2,1,2,2,1,1,2,2,2,2,2,2,1,1,2,2,2,1,2,2,1,2,1,2,2,1,2,2,2,1,2,2,1,1,1,1,1,1,2,1,1,1,2,2,1,1,1,1,1,2,2,2,1,1,2,1,2,2,2,1,1,1,1,1,1,2,1,2,2,1,2,2,1,1,2,1,2,2,2,1,1,2,2,1,1,2,2,1,2,2,1,1
GPC,QGpc.3D.1,2,2,2,2,2,2,2,2,2,2,2,2,1,2,2,1,1,2,2,2,2,1,2,2,2,2,2,2,2,2,1,2,2,2,2,2,2,2,0,1,0,2,2,2,2,2,2,1,1,1,2,0,1,2,1,2,2,1,2,2,1,2,2,1,2,2,2,2,2,2,2,2,2,2,1,2,2,2,2,2,2,2,2,2,2,1,2,2,2,2,2,2,2,2,2,2,1,2,2,2,2,2,2,1,2,2,2,2,1,2,2,2,2,2,2,2,2,2,2,2,1,2,2,2,2,2,2,2,2,2,2,2,2,2,2,2,2,2,2,2,2,2,2,2,2,2,2,2,2,2,2,2,2,2,2,2,2,2,2,2,2,2,2,2,2,2,2,2,2,2,2,2,2,2,2,2,2,2,2,2,1,2,2,1,2,1,2,2,2,2,2,1,2,2,2,2,2,2,2,2,2,2,2,2,2,2,2,1,2,2,2,2,2,1,2,2,2,2,2,2,2,2,2,2,2,2,2,0,0,2,1,2,2,2,2,2,2,2,2,2,2,2,2,1,2,2,2,2,2,2,2,2,2,1,2,2,2,1,2,2,2,2,2,2,2,2,2,2,1,2,2,2,2,2,1,2,2,2,2,2,2,1,1,2,2,2,2,2,2,2,2,2,2,2,2,2,1,2,2,2,2,2,2,2,2,0,2,2,2,2,2,2,2,2,2,2,2,2,2,2,2,2,2,2,2,1,2,2,2,2,2,1,2,0,1,1,1,2,2,2,2,2,2,2,2,2,0,1,2,1,2,1,2,2,2,2,0,2,2,2,2,2,1,2,2,2,2,1,2,1,2,2,2,2,2,2,2,2,1,1,2,2,2,2,2,2,2,1,1,2,2,1,2,2,2,2,1,1,2,2,1,2,2,2,0,2,2,2,2,2,2,2,2,2,2,2,1,1,1,2,2,2,1,1,1,1,1,2,2,2,2,2,1,1,2,2,2,2,2,2,2,2,2,2,2,2,2,1,2,1,2,2,2,0,2,2,2,2,1,2,2,1,1,2,2,1,1,2,2,2,2,1,1,1,2,2,2,0,1,2,2,2
GPC,QGpc.6A.1,1,2,1,2,1,1,2,2,2,2,2,2,2,1,1,2,2,2,2,1,1,2,2,1,1,1,1,2,1,2,1,2,1,1,2,2,2,1,1,2,2,2,2,2,2,1,1,2,1,1,1,2,1,1,2,1,1,1,1,1,1,1,1,2,1,1,1,2,2,2,2,2,1,2,2,1,1,2,1,1,1,2,1,2,1,1,1,2,1,1,1,1,2,2,2,1,2,1,2,1,2,2,2,2,2,1,2,2,2,2,1,2,2,1,2,2,1,2,2,1,1,2,2,1,2,1,1,2,1,1,1,2,2,1,1,2,2,2,2,2,1,1,1,1,2,1,1,1,1,1,2,2,1,2,2,1,2,2,1,2,1,2,2,2,1,1,1,1,2,2,1,2,1,1,2,2,2,2,1,1,2,1,1,2,1,2,1,1,2,2,1,1,1,1,2,1,1,2,2,2,2,2,2,2,1,2,1,2,1,2,1,2,1,2,1,2,1,1,1,1,2,2,1,1,2,1,1,2,2,2,1,2,2,2,1,2,2,1,1,2,2,2,1,2,1,2,1,1,2,2,2,1,2,2,2,2,2,2,2,2,2,1,2,2,2,1,2,2,2,2,2,2,2,2,2,1,2,2,1,2,2,2,2,2,2,2,1,2,1,2,2,1,2,2,2,2,1,2,2,2,1,2,1,1,2,2,2,2,1,1,2,2,1,2,1,2,1,2,2,1,2,1,2,2,2,1,1,2,2,1,2,2,1,1,2,2,2,2,1,1,2,1,2,2,2,1,1,2,2,1,1,2,1,1,2,2,1,1,1,2,1,2,2,1,1,1,2,2,1,1,2,2,2,1,1,2,2,1,2,1,2,2,1,2,2,1,2,2,2,1,1,1,2,1,2,2,2,2,2,2,2,2,2,1,2,1,2,1,2,2,2,2,2,2,2,2,2,2,2,2,2,2,2,2,2,2,2,2,2,2,2,2,2,2,2,2,2,2,2,2,1,1,1,1,2,2,2,2,2,1,1,1,1,1,2,2,1,1,2,2,2,2,2,2,2,2,2,2,2,2,2,2,2,2,2,1,2,2,2,2,2,2
GSC,QGsc.6A.1,2,1,2,1,2,2,1,1,1,1,1,1,1,2,2,1,1,1,1,2,2,1,1,2,2,2,2,1,2,1,2,2,2,2,1,1,1,2,2,1,1,1,1,1,1,2,2,1,2,2,2,1,2,2,1,2,2,2,2,2,2,2,2,1,2,2,2,1,1,1,1,1,2,1,1,2,2,1,2,2,2,1,2,1,2,2,2,1,2,2,2,2,1,1,1,2,1,2,1,2,1,1,1,2,2,2,1,1,1,1,2,1,1,2,1,1,2,1,1,2,2,1,1,2,2,2,2,1,2,2,2,1,1,2,2,1,1,1,1,1,2,2,2,2,1,2,2,2,2,2,2,1,2,1,1,2,1,1,2,1,2,1,1,1,2,2,2,2,1,1,2,2,2,2,1,1,1,1,2,2,1,2,2,1,2,1,2,2,1,1,2,2,2,2,1,2,2,1,1,1,1,1,1,1,2,1,2,1,2,1,2,2,2,1,2,1,2,2,2,2,1,1,2,2,1,2,2,1,1,1,2,1,1,1,2,1,1,2,2,1,1,1,2,1,2,1,2,2,1,1,2,2,1,1,1,1,1,1,1,1,1,2,1,1,1,2,1,1,1,1,1,1,1,1,1,2,1,1,2,1,1,1,1,1,1,1,2,1,2,1,1,2,1,1,1,1,2,1,1,1,2,1,2,2,1,1,1,1,2,2,1,1,2,1,2,1,2,1,1,2,1,2,1,1,1,2,2,1,1,2,1,1,2,2,1,1,1,1,2,2,1,2,1,1,1,2,2,1,1,2,2,1,2,2,2,1,2,2,2,1,2,1,1,2,2,2,1,1,2,2,1,1,1,1,2,1,1,2,1,2,1,1,2,1,1,2,1,1,1,2,2,2,1,2,1,1,1,1,1,1,1,1,1,2,1,2,1,2,1,1,1,1,1,1,1,1,1,1,1,2,1,1,1,1,1,1,1,1,1,1,1,1,1,1,1,1,1,1,1,1,2,2,2,2,1,1,1,1,1,2,2,2,2,2,1,1,2,2,1,1,1,1,1,1,1,1,2,1,1,1,1,1,1,1,2,1,1,1,1,1,1,1
GSC,QGsc.3A.1,1,2,1,1,1,1,2,1,1,1,1,1,1,1,1,2,2,1,1,1,1,2,2,1,1,2,1,1,2,1,1,1,1,1,1,1,1,1,1,1,1,1,1,1,1,2,2,2,2,2,1,1,2,1,1,1,1,2,1,1,1,1,1,1,1,1,1,1,2,2,1,2,1,1,1,1,1,1,1,1,1,1,1,1,1,1,2,2,2,1,1,1,2,1,1,2,1,2,2,2,2,1,1,1,1,2,1,1,2,1,1,1,2,1,1,1,1,1,2,1,2,2,1,1,1,1,2,2,1,1,1,1,1,1,1,2,1,1,1,2,2,1,1,1,1,1,1,1,1,2,1,2,2,1,1,2,2,1,2,1,1,2,1,2,1,2,2,2,1,2,1,1,1,2,1,1,1,1,1,1,2,1,1,1,2,1,1,1,1,1,1,2,1,1,1,1,1,2,1,1,1,1,1,1,2,2,2,1,1,1,1,2,2,2,1,1,2,1,2,1,1,1,2,2,2,1,1,1,2,1,1,1,1,1,1,1,1,1,1,2,1,2,2,2,1,2,2,1,1,2,1,1,1,1,1,2,2,1,2,1,1,2,2,1,1,1,1,2,2,1,1,1,1,1,1,1,2,1,1,1,1,1,1,1,1,1,1,1,1,1,1,1,1,1,2,1,1,2,1,1,1,1,1,1,1,1,1,1,2,2,1,1,2,1,2,1,2,2,2,2,1,1,2,1,1,1,2,1,1,1,1,1,1,1,2,1,1,1,2,2,2,2,1,1,1,1,1,1,1,1,1,1,1,1,1,1,1,2,1,2,2,1,1,1,1,1,1,1,1,1,1,1,1,1,1,1,2,2,2,2,1,2,2,1,2,2,1,1,1,1,1,2,1,1,2,2,1,1,1,1,1,1,2,2,1,1,1,2,2,1,2,1,2,1,1,2,1,1,1,2,1,1,2,2,2,2,2,2,1,2,2,2,1,1,2,2,2,2,2,1,1,1,2,2,1,2,1,1,1,2,2,2,2,2,2,1,2,1,1,2,1,1,2,2,1,2,1,1,1,2,1,1,2,2,1,1,2,1,1,2,2,1
WGC,QWgc.1B.1,2,1,2,2,2,2,2,2,2,2,2,2,2,2,2,2,2,2,2,2,2,1,1,2,2,2,2,2,2,2,2,2,2,2,2,2,2,2,2,2,2,2,2,2,2,2,2,1,1,2,2,2,1,2,2,2,2,2,2,2,2,2,2,2,2,2,2,2,1,1,2,2,2,2,2,2,2,2,2,2,2,2,2,2,2,2,0,2,1,2,2,2,1,2,2,1,2,1,1,1,0,2,2,2,2,1,2,2,1,2,2,2,1,2,2,2,2,2,1,2,1,1,2,2,2,2,1,1,2,2,2,2,2,2,2,1,2,2,2,1,2,2,2,2,2,2,2,2,2,1,2,1,1,2,2,1,1,2,1,2,2,1,2,1,2,1,1,1,2,1,2,2,2,1,2,2,2,2,2,2,1,2,2,2,1,2,2,2,2,2,2,1,2,2,2,2,2,1,2,2,2,2,2,2,1,1,1,2,2,2,2,1,1,1,2,2,1,2,2,2,2,2,1,1,1,2,2,2,0,2,2,2,2,2,2,2,2,2,2,1,2,1,1,1,2,1,1,2,2,1,2,2,2,2,2,1,0,2,1,2,2,1,1,2,2,2,2,1,1,2,2,2,2,2,2,2,1,2,2,2,2,2,2,2,2,2,2,2,2,2,2,2,2,2,1,2,2,1,2,2,2,2,2,2,2,2,2,2,1,1,2,2,1,2,1,2,1,1,1,1,2,2,1,2,2,2,1,2,2,2,2,2,2,2,1,2,2,2,1,2,1,1,2,2,2,2,2,2,2,2,2,2,2,2,2,2,2,1,2,0,2,2,2,2,2,2,2,2,2,2,2,2,2,2,2,2,1,1,1,1,2,1,1,2,1,1,2,2,2,2,2,1,2,2,1,1,2,2,2,2,2,2,1,1,2,2,2,1,2,2,1,2,1,2,2,1,2,2,2,0,2,2,1,1,1,1,1,1,2,1,1,1,2,2,1,1,1,1,1,2,2,2,1,1,2,1,2,2,2,1,1,1,1,0,1,2,1,2,2,1,2,2,1,1,2,1,2,2,2,1,2,2,1,1,2,2,2,2,2,1,1,2
WGC,QWgc.3A.1,2,1,2,2,2,2,2,2,2,2,2,2,2,2,2,1,2,2,2,2,2,1,1,2,2,2,2,2,1,2,2,2,2,2,2,2,2,2,2,2,2,2,2,2,2,2,2,1,1,2,2,2,1,2,2,2,2,2,2,2,2,2,2,2,2,2,2,2,1,1,2,2,2,2,2,2,2,2,2,2,2,2,2,2,2,2,2,2,1,2,2,2,1,2,2,1,2,1,1,1,2,2,2,2,2,1,2,2,1,2,2,2,1,2,2,2,2,2,1,2,1,1,2,2,2,2,1,1,2,2,2,2,2,2,2,1,2,2,2,1,2,2,2,2,2,2,2,2,2,1,2,1,1,2,2,1,1,2,1,2,2,1,2,1,2,1,1,1,2,1,2,2,2,1,2,2,2,2,2,2,1,2,2,2,1,2,2,2,2,2,2,1,2,2,2,2,2,1,2,2,2,2,2,2,1,1,1,2,2,2,2,1,1,1,2,2,1,2,2,2,2,2,1,1,1,2,2,2,2,2,2,2,2,2,2,2,2,2,2,1,2,1,1,1,2,1,1,2,2,1,2,2,2,2,2,1,2,2,1,2,2,1,1,2,2,2,2,1,1,2,2,2,2,2,2,2,1,2,2,2,2,2,2,2,2,2,2,2,2,2,2,2,2,2,2,2,2,1,2,2,2,2,2,2,2,2,2,2,1,1,2,2,1,2,1,2,1,1,1,1,2,2,1,2,2,2,1,2,2,2,2,2,2,2,1,2,2,2,1,2,1,1,2,2,2,2,2,2,2,2,2,2,2,2,2,2,2,1,2,2,2,2,2,2,2,2,2,2,2,2,2,2,2,2,2,2,1,1,1,1,2,1,1,2,1,1,2,2,2,2,2,1,2,2,1,1,2,2,2,2,2,2,1,1,2,2,2,1,2,2,1,2,2,2,2,1,2,2,2,2,2,2,1,1,1,1,1,1,2,1,1,1,2,2,1,1,1,1,1,2,2,2,1,1,2,1,2,2,2,1,1,1,1,2,1,2,1,2,2,1,2,2,1,1,2,1,2,2,2,1,2,2,1,1,2,2,2,2,2,1,1,2
WGC,QWgc.3D.1,2,2,2,2,2,2,2,2,2,2,2,2,1,2,2,1,1,2,2,2,2,1,2,2,2,2,2,2,2,2,1,2,2,2,2,2,2,2,2,1,2,2,2,2,2,2,2,1,1,1,2,2,1,2,1,2,2,1,2,2,1,2,2,1,2,2,2,2,2,2,2,2,2,2,1,2,2,2,2,2,2,2,2,2,2,1,2,2,2,2,2,2,2,2,2,2,1,2,2,2,2,2,2,1,2,2,2,2,1,2,2,2,2,2,2,2,2,2,2,2,1,2,2,2,2,2,2,2,2,2,2,2,2,2,2,2,2,2,2,2,2,2,2,2,2,2,2,2,2,2,2,2,2,2,2,2,2,2,2,2,2,2,2,2,2,2,2,2,2,2,2,2,2,2,2,2,2,2,2,2,1,2,2,1,2,1,2,2,2,2,2,1,2,2,2,2,2,2,2,2,2,2,2,2,2,2,2,1,2,2,2,2,2,1,2,2,2,2,2,2,2,2,2,2,2,2,2,2,2,2,1,2,2,2,2,2,2,2,2,2,2,2,2,1,2,2,2,2,2,2,2,2,2,1,2,2,2,1,2,2,2,2,2,2,2,2,2,2,1,2,2,2,2,2,1,2,2,2,2,2,2,1,1,2,2,2,2,2,2,2,2,2,2,2,2,2,1,2,2,2,2,2,2,2,2,2,2,2,2,2,2,2,2,2,2,2,2,2,2,2,2,2,2,2,2,1,2,2,2,2,2,1,2,2,1,1,1,2,2,2,2,2,2,2,2,2,2,1,2,1,2,1,2,2,2,2,2,2,2,2,2,2,1,2,2,2,2,1,2,1,2,2,2,2,2,2,2,2,2,1,2,2,2,2,2,2,2,1,1,2,2,1,2,2,2,2,1,1,2,2,1,2,2,2,2,2,2,2,2,2,2,2,2,2,2,2,1,1,1,2,2,2,1,1,1,1,1,2,2,2,2,2,1,1,2,2,2,2,2,2,2,2,2,2,2,2,2,1,2,1,2,2,2,2,2,2,2,2,1,2,2,1,1,2,2,1,1,2,2,2,1,1,1,2,2,2,2,1,2,2,2,2
WGC,QWgc.6A.1,1,2,1,2,1,1,2,2,2,2,2,2,2,1,1,2,2,2,2,2,1,2,2,1,1,1,1,2,1,2,1,1,1,1,2,2,2,1,2,2,2,2,2,2,2,1,1,2,1,2,1,2,1,1,2,1,1,1,1,1,1,1,1,2,1,1,1,2,2,2,2,2,1,2,2,1,1,2,1,1,1,2,1,2,1,1,1,2,1,1,2,1,2,2,2,1,2,1,2,1,2,2,2,1,1,1,2,2,2,2,1,2,2,1,2,2,1,2,2,1,1,2,2,1,1,1,1,2,1,1,1,2,2,1,1,2,2,2,2,2,1,1,1,1,2,1,1,2,1,1,2,2,1,2,2,1,2,2,1,2,1,2,2,2,1,1,1,1,2,2,1,2,1,1,2,2,2,2,1,1,2,1,1,2,1,2,1,1,2,2,1,1,1,1,2,1,1,2,2,2,2,2,2,2,1,2,1,2,1,2,1,1,1,2,1,2,1,1,1,1,2,2,1,1,2,1,1,2,2,2,1,2,2,2,1,2,2,2,1,2,2,2,1,2,1,2,1,2,2,2,2,1,2,2,2,2,2,2,2,2,2,1,2,2,2,1,2,2,2,2,2,2,2,2,2,2,2,2,1,2,2,2,2,2,2,2,1,2,1,2,2,1,2,2,2,2,1,2,2,2,1,2,1,1,2,2,2,2,1,1,2,2,1,2,1,2,1,2,2,1,2,1,2,2,2,1,1,2,2,1,2,2,1,1,2,2,2,2,1,2,2,1,2,2,2,1,1,2,2,1,1,2,1,1,2,2,2,1,1,2,1,2,2,1,1,1,2,2,1,1,2,2,2,2,1,2,2,1,2,1,2,2,1,2,2,1,2,2,2,1,1,1,2,1,2,2,2,2,2,2,2,2,2,1,2,1,2,1,2,2,2,2,2,2,2,2,2,2,2,2,2,2,2,2,2,2,2,2,2,2,2,2,2,2,2,2,2,2,2,2,1,1,1,1,2,2,2,2,2,1,1,1,1,2,2,2,1,1,2,2,2,2,2,2,2,2,1,2,2,2,2,2,2,2,1,2,2,2,2,2,2,2
DST,QDst.1D.1,2,1,2,1,1,1,2,2,2,1,2,2,1,1,1,1,1,1,2,2,2,2,1,1,2,1,1,2,2,1,2,1,1,1,1,1,1,2,1,1,1,1,1,1,1,2,1,1,1,0,2,1,1,1,1,1,1,2,1,1,1,1,1,1,1,1,1,2,2,2,1,1,1,1,2,1,1,2,2,2,2,2,2,2,1,2,2,2,2,1,1,1,2,1,1,1,2,2,2,1,1,2,2,2,2,2,1,2,1,2,1,2,1,2,1,2,2,2,1,1,2,2,2,2,2,1,2,2,2,2,1,2,1,1,1,2,1,1,2,2,0,1,2,2,1,1,1,2,1,2,1,2,2,1,1,2,2,2,2,2,2,2,1,2,1,2,2,1,2,2,1,1,2,2,2,2,1,1,2,2,1,1,2,2,2,2,2,2,2,1,2,2,2,2,2,2,2,2,2,2,2,2,2,1,1,2,1,2,1,2,2,2,1,2,1,2,2,2,2,2,1,2,2,2,2,2,2,0,2,2,2,1,0,2,1,1,2,1,2,1,1,1,1,2,1,2,1,2,1,1,2,1,2,1,2,1,1,2,2,2,2,2,2,2,2,2,2,2,1,2,2,1,1,1,2,0,1,2,1,2,2,2,2,2,2,2,1,2,2,1,2,1,2,2,1,1,1,2,1,2,1,2,2,1,2,2,1,2,2,2,1,1,2,2,2,1,2,1,1,1,2,2,1,2,2,1,2,1,2,1,2,2,1,0,1,2,1,2,2,2,1,2,2,2,2,2,2,2,2,2,2,2,1,2,1,2,2,2,1,2,2,2,1,2,2,1,2,2,1,2,2,2,2,1,1,2,2,2,1,1,2,1,2,2,1,0,2,1,1,2,2,1,2,1,2,2,2,2,2,2,1,1,1,2,1,1,1,2,2,1,2,1,1,1,2,2,2,2,1,2,1,2,2,2,2,2,2,1,2,2,2,1,1,2,2,2,1,2,1,2,1,1,1,1,2,1,2,1,2,1,0,1,1,1,1,2,1,1,2,1,2,2,2,2,2,2,2,2,2,1,1,1,1,1,1,1,1,1,1,2,2,1
DST,QDst.2B.1,2,1,1,2,1,1,1,2,1,1,1,1,1,1,1,1,1,1,1,1,1,1,1,1,2,1,1,1,1,1,1,1,1,1,1,1,1,1,1,2,1,1,1,1,1,1,1,1,1,1,1,1,1,1,1,1,1,1,2,1,1,1,1,1,1,1,2,1,1,1,1,1,1,1,1,1,2,1,2,1,1,2,1,1,1,1,2,1,1,1,2,1,1,1,1,2,1,1,1,1,1,1,1,1,1,1,1,1,1,1,1,1,1,1,1,1,1,1,1,1,2,1,1,2,1,1,1,1,1,1,1,1,1,1,1,1,1,1,1,2,2,2,1,1,1,1,1,1,2,1,2,1,1,1,1,2,1,1,2,1,1,1,1,1,2,1,1,1,1,1,1,2,1,1,1,1,1,1,1,1,1,1,1,1,1,1,1,1,1,1,1,1,1,1,1,1,2,1,1,1,1,1,1,1,1,1,1,1,1,1,1,1,1,1,1,1,1,2,1,1,1,1,1,1,2,2,1,1,1,1,1,1,1,1,1,1,1,1,1,1,1,1,1,1,1,1,1,1,1,1,1,1,1,1,2,1,1,1,1,1,1,1,1,1,1,1,1,1,1,1,1,1,2,1,1,2,1,1,1,2,1,1,1,1,1,1,1,1,1,1,1,1,1,1,2,1,1,1,1,1,2,2,1,1,2,1,2,2,1,1,1,1,2,2,2,1,2,1,1,2,1,1,1,2,1,1,2,1,2,2,2,1,2,1,1,1,1,2,1,1,1,1,1,2,1,1,1,1,1,1,2,1,1,1,2,1,1,1,1,1,1,1,1,1,2,1,2,1,2,1,1,1,2,1,1,1,2,1,1,1,2,1,1,1,1,1,1,1,1,1,2,1,1,2,1,1,1,1,1,1,1,1,1,1,1,1,1,1,1,1,1,1,1,1,1,1,1,1,1,1,1,1,2,2,2,2,2,1,1,2,1,1,1,1,1,2,1,1,1,1,1,1,1,1,1,1,1,1,1,1,1,1,1,1,1,2,1,1,1,1,1,1,2,1,1,2,1,1,1,1,1,1,1,1,1,1,1,1,1,1,1,1
DST,QDst.2D.1,2,2,2,2,2,2,2,2,2,2,2,2,2,2,2,2,2,2,2,2,2,2,1,2,2,2,2,2,2,1,2,1,2,2,1,2,2,1,2,1,1,2,2,2,1,2,2,2,1,2,1,2,1,1,2,2,2,2,2,2,2,2,2,2,2,2,2,2,2,2,2,1,1,1,1,2,2,2,2,2,2,2,2,2,2,2,2,2,2,2,2,2,2,0,2,2,1,2,2,2,2,2,2,2,2,2,2,2,2,1,2,0,2,2,2,1,2,2,1,2,2,2,2,2,2,1,2,2,2,1,2,2,1,2,2,2,2,1,2,1,2,2,2,2,0,2,2,2,2,2,2,2,2,1,1,1,2,1,2,2,2,1,1,1,2,1,2,2,1,1,2,2,1,1,1,2,2,1,2,2,0,2,2,2,2,2,2,1,1,2,2,2,1,2,2,2,2,2,1,1,2,1,1,1,2,2,2,1,2,1,2,2,2,2,1,1,2,2,1,2,1,1,1,1,2,1,1,2,0,2,2,1,1,1,2,1,0,1,2,1,2,1,1,2,2,2,1,1,2,2,2,2,2,1,2,2,2,2,2,2,2,2,2,2,2,2,2,2,2,2,2,2,2,2,1,2,2,2,2,2,1,1,2,2,2,2,2,2,2,2,2,2,1,1,2,2,2,2,2,2,2,2,1,2,2,2,2,2,2,2,2,2,2,2,2,2,2,2,2,2,2,2,2,2,2,2,2,2,2,2,2,2,2,2,2,2,2,2,2,2,2,2,2,2,2,2,2,2,1,2,2,2,2,2,2,0,2,2,0,2,2,2,2,0,2,2,2,2,2,1,2,2,2,1,1,2,2,1,2,2,2,2,2,2,2,2,2,0,1,2,2,2,2,2,2,1,2,2,2,2,1,1,1,2,2,1,2,1,1,2,1,1,2,2,2,1,1,1,2,2,2,2,2,2,2,2,2,2,2,2,2,2,2,2,2,2,2,2,2,1,2,2,2,2,2,1,2,1,2,2,1,1,1,2,1,2,2,2,1,2,1,2,2,1,2,2,2,2,2,2,2,2,2,2,2,2,2,2,2,2,2,2
DST,QDst.3B.1,2,2,2,2,2,2,2,2,1,2,2,2,2,2,2,2,2,2,1,1,1,2,2,2,2,2,2,2,2,2,2,2,2,2,2,2,2,2,2,1,0,2,0,2,2,2,2,1,2,1,2,2,2,1,2,1,2,2,2,2,2,2,2,2,2,2,2,2,2,2,2,2,2,2,2,2,2,1,2,2,1,2,2,2,2,2,2,2,2,2,2,2,2,1,1,2,1,2,2,2,2,1,2,2,2,2,2,2,1,2,2,1,1,2,2,2,2,1,1,1,2,2,2,2,2,2,2,2,2,1,2,2,2,2,1,2,2,1,2,2,0,1,2,2,2,2,2,2,2,1,2,1,1,1,2,1,2,2,1,2,2,1,1,1,2,1,2,2,2,1,1,2,1,1,2,1,2,2,2,2,2,1,2,0,2,0,2,2,1,1,2,2,1,2,2,2,2,1,2,2,1,2,2,2,0,2,2,1,2,2,1,2,2,2,1,1,2,2,2,2,1,1,1,1,2,1,1,2,1,1,2,2,2,1,2,2,2,0,2,2,2,2,0,2,2,2,2,2,2,2,2,2,2,2,1,2,2,2,2,2,2,1,2,2,2,2,2,2,2,2,2,2,2,2,1,2,1,1,2,2,1,2,2,2,2,2,2,2,2,1,2,2,2,2,2,1,1,2,2,2,1,2,2,2,2,2,1,2,2,2,2,2,2,2,2,1,2,2,2,1,2,2,1,2,1,2,2,2,2,1,2,2,1,0,2,2,1,2,2,2,2,1,2,1,2,2,2,2,2,2,2,2,2,2,2,1,2,2,1,2,2,2,2,2,2,2,2,2,2,2,1,2,2,2,1,2,2,2,2,2,2,2,2,2,2,2,1,2,2,2,2,2,2,1,2,2,1,1,2,1,1,2,1,2,1,2,2,2,2,1,2,2,2,1,2,2,1,1,2,2,2,1,2,2,2,2,2,2,2,2,2,2,2,2,2,2,2,2,2,2,2,1,2,2,1,2,2,2,2,1,2,2,2,2,2,1,2,2,1,2,2,2,2,1,2,2,2,2,2,2,2,2,2,2,2,2,2,2,2,2,2,2
DST,QDst.3D.1,1,2,2,2,1,1,1,2,1,2,2,2,2,1,2,2,2,2,1,1,1,2,2,2,2,1,2,1,2,2,1,2,1,2,2,2,2,2,2,1,1,2,2,2,2,2,2,1,2,1,2,2,1,1,2,1,1,2,2,2,2,2,2,2,2,2,2,2,2,2,2,1,1,2,2,2,2,1,2,2,1,2,2,2,2,2,2,1,2,1,1,1,1,1,1,2,1,2,2,2,2,1,2,2,2,2,2,2,1,2,1,1,1,2,2,2,2,1,1,1,2,2,2,1,2,2,2,2,2,1,1,1,2,1,1,2,2,1,2,2,2,1,2,2,2,1,1,2,1,1,2,1,1,1,2,1,1,2,1,1,2,1,1,1,2,1,2,2,2,1,1,0,1,1,2,1,2,2,2,2,2,1,2,2,2,2,2,2,1,1,2,2,1,1,2,2,1,1,2,2,1,2,2,2,2,2,2,1,1,2,1,2,2,2,1,1,2,1,2,2,1,1,1,1,2,1,1,2,1,1,1,2,2,1,2,1,1,1,1,2,2,2,2,2,2,1,1,2,2,2,1,2,2,2,1,2,2,2,2,1,1,1,2,1,1,2,1,1,2,1,2,2,2,1,1,2,1,1,2,2,1,2,2,2,2,2,2,2,2,1,2,2,2,2,2,1,1,2,1,2,2,2,2,2,2,2,1,2,2,2,1,2,1,1,1,1,1,2,2,1,1,2,1,2,1,2,1,2,2,1,2,1,2,2,1,1,1,2,1,2,2,1,2,1,2,1,1,1,1,1,1,1,1,2,1,1,1,2,1,1,2,2,1,1,1,1,2,1,1,2,1,1,1,2,1,2,1,1,2,2,1,2,2,1,2,2,1,2,2,2,2,2,1,1,1,2,1,1,1,1,2,1,1,2,1,1,1,1,2,1,1,1,2,1,2,2,2,1,1,2,2,1,2,2,2,2,2,2,2,2,1,1,2,2,2,2,2,2,2,2,1,1,1,1,1,2,2,1,2,1,2,2,2,0,2,1,1,1,1,2,2,1,2,1,2,2,2,2,2,2,2,2,2,2,1,2,2,0,2,1,2,2
DST,QDst.5A.1,1,1,1,1,1,1,2,2,1,1,1,1,1,1,1,2,2,2,1,2,2,2,1,1,1,1,1,1,2,1,1,1,1,1,1,1,1,1,1,1,1,1,1,1,1,1,1,1,1,2,1,1,1,1,1,1,1,1,1,1,1,1,1,2,1,1,1,1,1,1,1,1,1,1,1,1,1,1,1,1,1,1,1,1,1,1,1,1,1,1,1,1,1,1,1,1,1,1,1,1,1,1,1,1,1,1,1,1,1,1,1,1,1,1,1,1,1,1,1,1,1,1,1,1,1,1,1,1,1,1,1,1,1,1,1,1,1,0,1,1,1,1,1,1,1,1,1,1,1,1,1,1,1,1,1,1,1,1,1,1,1,1,1,1,1,1,1,1,1,1,1,1,1,1,1,1,1,1,1,1,1,2,1,1,1,1,1,1,1,1,1,1,1,1,1,1,1,1,1,1,1,1,1,1,1,1,1,1,1,2,1,1,1,1,1,1,1,1,1,1,1,1,1,1,1,1,1,1,1,1,1,1,1,1,1,1,1,1,1,1,1,1,1,2,1,1,1,1,1,1,1,1,2,2,1,1,1,1,1,2,1,1,1,1,1,1,1,1,2,1,1,1,1,1,1,2,1,1,1,1,1,1,1,1,1,1,1,1,1,1,1,1,1,1,1,1,1,1,1,2,1,2,1,1,2,2,2,2,1,1,1,1,1,1,1,1,1,1,1,1,1,1,1,1,1,1,1,1,2,1,2,2,1,1,1,1,1,1,1,1,1,1,1,1,2,1,1,1,1,1,1,1,1,1,1,2,1,2,1,1,1,1,1,1,1,1,1,1,1,1,1,1,1,2,1,1,1,1,1,1,2,1,1,1,1,1,1,1,1,1,1,1,1,1,1,2,1,1,1,2,1,1,1,2,1,1,1,2,1,1,1,1,1,2,1,1,1,1,1,1,2,1,2,2,2,2,2,1,1,1,1,1,1,1,1,1,1,1,1,1,1,1,1,1,1,1,1,1,1,1,1,1,1,1,1,1,1,1,1,1,1,1,2,2,1,2,1,2,2,1,1,1,1,1,1,1,2,1,2,1,1,1
DST,QDst.5D.1,2,1,1,1,1,1,2,2,1,1,1,1,1,1,1,2,2,1,1,2,1,2,1,1,2,2,2,2,2,1,2,1,1,1,1,1,1,1,2,1,1,1,1,0,1,1,2,0,1,2,1,1,1,1,1,1,1,1,2,1,2,2,1,2,1,2,1,1,1,2,1,1,1,1,1,2,2,1,1,1,1,1,1,1,2,2,2,1,2,1,1,1,1,0,1,1,1,2,2,1,1,1,2,1,2,1,1,1,0,2,1,2,1,2,2,1,1,2,1,2,1,2,2,2,2,2,1,1,2,1,1,1,1,1,2,2,1,1,2,2,2,2,2,2,1,1,1,1,2,2,2,2,2,2,2,2,1,2,2,1,1,1,1,1,2,1,2,1,2,1,2,1,1,1,1,2,2,2,2,2,0,1,1,1,2,1,2,1,1,2,1,2,2,0,1,2,2,1,1,1,2,1,1,1,1,1,1,1,2,1,1,1,1,2,2,1,1,2,2,1,1,1,1,1,2,1,1,1,1,1,1,1,1,1,2,1,0,1,1,1,1,1,1,1,1,1,1,1,2,1,1,1,1,1,1,1,1,1,1,1,1,1,1,1,1,1,2,2,2,1,2,1,1,1,1,2,1,2,1,2,2,1,1,2,2,1,1,2,1,1,1,1,1,1,1,1,2,2,2,1,2,2,2,1,2,0,2,2,2,2,2,2,1,1,1,2,1,2,2,2,2,1,1,2,1,1,1,1,2,1,2,1,2,2,2,1,1,1,2,1,1,1,1,1,2,1,1,1,2,1,1,1,1,1,1,1,2,2,1,1,2,1,1,1,2,2,1,2,1,1,2,1,1,1,1,1,1,2,2,2,2,2,2,1,2,2,2,2,2,2,2,2,2,2,1,2,1,1,1,2,2,2,2,2,2,2,2,1,2,1,2,1,1,2,1,2,2,1,1,1,2,1,2,2,2,2,2,2,2,2,2,2,2,2,2,2,2,2,1,1,1,1,2,2,1,1,1,2,1,2,2,2,2,2,1,2,2,2,1,2,1,1,2,1,2,2,1,2,2,2,2,1,2,2,2,1,2,1,1,1,1,2
DST,QDst.6B.1,1,1,2,1,1,1,2,2,1,1,1,2,2,1,2,1,1,2,1,1,1,2,1,2,2,1,2,1,2,2,2,1,1,1,2,1,1,2,2,1,1,1,1,2,1,1,2,1,1,2,2,1,1,1,2,2,1,2,1,1,2,2,2,1,1,2,2,1,2,1,1,1,1,2,2,1,1,2,2,2,2,2,1,2,2,2,2,1,2,1,1,1,2,1,1,2,1,2,2,2,1,2,1,1,2,2,2,1,1,2,1,2,1,2,2,2,1,1,2,2,1,2,2,1,2,2,2,2,1,1,2,2,2,1,2,2,2,1,2,2,2,2,1,2,2,1,1,2,2,2,2,2,1,1,2,2,1,2,2,2,2,1,2,2,1,2,2,2,2,2,2,1,2,2,2,1,1,2,2,2,1,2,2,2,2,2,2,2,1,2,2,2,1,1,2,1,1,1,1,1,1,2,1,2,1,2,2,1,1,1,2,2,2,2,1,1,2,1,1,1,1,1,2,2,1,1,2,1,1,1,2,2,2,1,2,1,1,1,1,1,1,1,1,1,2,1,2,2,1,2,1,1,1,1,1,1,1,2,1,1,2,2,2,2,2,2,2,2,2,1,1,1,1,2,1,2,1,1,1,2,1,1,1,1,1,1,1,1,1,1,1,1,1,1,1,2,2,1,1,1,2,1,1,1,2,1,1,2,1,1,2,2,1,1,1,1,1,2,2,1,1,1,1,2,1,1,1,1,1,2,1,1,2,1,1,1,1,1,1,1,1,1,1,1,2,1,1,1,1,1,1,1,1,1,1,1,2,1,1,1,2,1,1,1,1,1,1,2,1,1,2,1,1,2,1,1,1,1,1,2,2,2,1,2,2,1,1,1,1,1,1,2,2,2,1,2,1,1,1,2,2,2,1,2,1,2,2,2,1,1,1,1,2,2,2,2,2,2,1,2,2,2,2,2,2,2,2,2,1,2,2,2,1,2,1,1,2,2,2,1,2,2,1,1,2,2,2,1,1,2,1,1,1,1,2,2,1,1,2,2,1,2,2,1,2,2,1,1,1,2,2,1,2,1,2,1,1,2,2,2,2,2
DST,QDst.7A.1,1,1,1,1,1,1,2,1,1,1,1,2,1,1,1,1,1,1,1,1,1,2,1,1,1,1,2,1,1,1,2,1,1,1,1,1,1,1,1,1,1,1,1,1,1,1,1,1,1,1,1,1,2,1,1,1,1,2,1,1,1,2,1,1,1,1,1,1,1,1,1,1,1,1,1,2,2,2,2,2,2,2,1,1,1,1,1,1,2,1,1,1,2,1,1,2,1,2,2,1,1,1,1,1,1,2,2,1,1,1,1,1,2,1,2,2,1,1,1,2,1,1,2,1,1,2,1,1,2,2,2,1,1,1,2,2,1,1,1,1,1,1,1,2,1,1,1,1,1,1,2,1,1,1,1,1,1,2,1,1,1,1,1,2,2,1,2,1,1,2,2,1,1,1,2,2,1,1,2,2,1,2,2,1,1,1,2,1,1,1,2,1,2,1,2,1,1,2,1,1,1,2,1,1,1,1,1,1,2,1,2,2,1,2,1,1,2,1,1,1,1,1,1,1,2,2,1,1,1,1,2,1,1,1,1,1,1,1,1,1,1,1,1,1,1,1,1,1,1,1,1,1,1,1,1,1,1,2,1,1,1,1,1,1,1,1,1,1,2,1,1,1,1,1,1,1,1,1,2,1,2,1,1,1,1,1,1,1,1,1,1,1,1,1,1,1,2,1,1,1,1,1,1,1,1,1,1,1,1,1,1,1,1,1,1,1,1,1,1,1,1,1,1,1,1,1,1,1,1,1,1,1,1,1,1,1,1,1,1,1,1,1,1,1,1,1,1,1,1,1,1,1,1,1,1,1,2,1,1,1,1,1,1,1,1,1,1,1,1,1,2,1,1,1,1,1,1,1,1,1,2,1,1,1,1,2,1,1,1,1,1,1,1,1,1,1,1,1,1,1,1,1,1,1,1,1,1,1,1,1,1,1,2,1,1,1,1,1,1,1,1,1,1,1,1,1,1,1,1,1,1,1,1,1,1,1,1,1,1,1,1,1,1,1,1,1,1,1,1,2,1,1,1,1,1,1,1,1,1,1,1,1,1,1,2,1,1,1,1,1,1,1,1,2,1,1,1,1,1,1,1,1
WA,QWa.2D.1,2,2,1,2,1,1,1,2,2,2,2,2,1,1,1,2,2,1,2,2,2,2,2,1,2,1,2,2,2,2,2,2,1,2,2,2,1,2,2,2,2,1,1,2,2,1,1,2,2,2,1,1,2,2,2,1,1,1,2,1,2,2,2,2,1,2,2,1,1,2,1,2,2,2,2,1,2,2,2,2,2,2,2,2,1,2,2,2,2,1,2,1,2,2,2,2,2,2,2,2,2,2,2,2,1,2,2,2,2,2,1,2,2,1,2,2,2,2,2,2,2,2,2,2,2,2,2,2,2,2,1,2,2,1,2,2,1,2,1,2,2,2,1,2,2,2,2,2,2,2,2,1,2,2,1,2,2,2,2,2,2,2,2,2,2,2,2,1,1,2,1,2,2,2,2,2,2,1,2,2,2,2,2,2,1,1,2,2,2,2,1,2,2,2,2,2,2,2,2,2,1,2,2,2,2,1,1,2,1,2,2,1,2,2,2,2,2,2,2,2,2,2,2,2,2,2,2,2,2,2,2,2,2,2,2,2,1,2,2,1,2,2,1,1,1,2,2,1,2,2,2,1,2,2,2,2,1,1,2,2,2,2,2,2,2,1,2,2,1,1,2,2,2,2,2,2,2,2,1,2,2,2,2,2,2,2,2,2,1,1,2,2,2,2,2,2,2,2,1,1,2,2,2,1,2,1,2,2,2,2,1,1,2,2,2,2,2,2,2,2,2,1,2,2,1,2,2,1,2,2,2,2,2,2,2,2,2,2,2,2,2,2,2,2,1,2,1,2,2,2,2,2,2,2,2,2,2,2,2,2,2,2,2,1,2,2,2,2,2,2,2,2,2,2,2,2,2,2,2,2,2,2,2,2,2,2,2,2,2,2,2,2,1,2,1,2,1,1,2,2,2,2,2,2,2,2,2,2,1,1,2,1,1,2,2,2,2,2,2,2,2,2,2,2,2,2,2,2,2,2,2,2,2,2,2,2,2,2,2,1,2,2,2,2,2,2,2,1,1,1,2,2,2,1,2,2,2,1,2,2,1,2,2,1,2,2,2,2,1,2,2,2,1,2,2,2,2,1,2,2,2,2
WA,QWa.3A.1,2,1,1,1,2,1,2,1,1,1,1,2,1,1,1,1,2,2,1,1,1,1,1,1,2,2,1,1,2,1,1,1,1,2,1,2,1,1,2,2,2,1,1,2,2,1,2,1,1,2,1,1,2,2,1,1,1,1,2,1,1,1,1,1,1,1,1,1,2,2,1,1,1,1,2,2,2,1,1,1,1,2,2,2,1,1,2,2,2,2,1,1,2,2,2,1,2,2,2,1,1,2,2,2,2,1,2,2,1,1,1,2,2,1,1,2,2,2,1,1,1,2,2,1,1,2,1,2,2,1,1,2,1,1,1,2,1,2,2,1,2,2,1,1,1,2,2,1,2,2,2,2,2,2,2,1,2,2,1,2,2,2,1,2,1,1,1,1,2,2,1,2,2,1,2,2,1,2,1,1,2,1,1,2,1,2,1,2,1,2,2,1,1,2,1,1,2,1,2,2,2,1,2,1,2,1,2,2,2,1,1,1,2,2,2,1,1,2,2,2,1,1,1,1,2,1,1,2,2,2,2,1,1,2,2,2,2,2,2,2,1,2,2,2,1,1,2,2,2,2,2,1,2,2,2,1,2,2,2,2,2,1,2,2,2,1,1,2,2,1,2,2,2,1,2,2,2,1,1,1,2,2,2,2,2,2,2,2,2,1,2,2,2,2,1,1,2,2,2,2,2,2,2,1,2,2,2,2,2,2,2,1,2,1,2,2,2,2,2,1,1,2,2,2,2,2,2,1,2,2,2,1,2,2,2,1,1,2,2,2,1,2,2,2,1,2,2,1,2,2,2,1,2,1,2,2,1,2,2,2,2,2,1,2,1,2,2,2,2,2,1,2,1,2,2,2,2,1,1,1,1,2,2,1,2,2,1,2,2,2,1,1,2,2,2,2,2,2,2,2,2,2,2,2,2,2,2,2,2,2,2,1,2,2,2,1,2,2,2,2,2,2,2,2,2,2,2,2,2,2,2,2,2,2,2,2,2,2,2,2,2,2,2,2,2,2,2,2,2,2,2,2,2,2,2,1,2,2,2,2,2,2,2,2,2,2,2,2,2,2,2,2,2,2,2,2,1,1,2,2,2,2
WA,QWa.3D.1,1,2,2,2,1,1,1,2,1,2,2,2,2,1,2,2,2,2,1,1,1,2,2,2,2,1,2,1,2,2,1,2,1,2,2,0,2,2,2,1,1,2,2,2,2,2,2,1,2,1,2,2,1,1,2,1,1,2,2,2,2,2,2,2,2,2,2,2,2,2,2,1,1,2,2,2,2,1,2,2,1,2,2,2,2,2,2,1,2,1,1,1,1,1,1,2,1,2,2,2,2,1,2,2,2,2,2,2,1,2,1,1,1,2,2,2,2,1,1,1,2,2,2,1,2,2,2,2,2,1,1,1,2,1,1,2,2,1,2,2,0,1,2,2,2,1,1,2,1,1,2,1,1,1,2,1,1,2,1,1,2,1,1,1,2,1,2,2,2,1,1,0,1,1,2,1,2,2,2,2,2,1,2,0,2,2,2,2,1,1,2,2,1,1,2,2,1,1,2,2,1,2,2,2,2,2,2,1,1,2,1,2,2,2,1,1,2,1,2,2,1,1,1,1,2,1,1,2,1,1,1,2,2,1,2,1,1,1,1,2,2,2,2,2,2,1,1,2,2,2,1,2,2,2,1,2,0,2,2,1,1,1,2,1,1,2,1,1,2,1,2,2,2,1,1,0,1,1,2,2,1,2,2,2,2,2,2,2,2,1,2,2,2,2,2,1,1,2,1,2,2,2,2,2,2,2,1,2,2,2,1,2,1,1,1,1,1,2,2,1,1,2,1,2,1,2,1,2,2,1,2,1,2,0,1,1,1,2,1,0,2,1,2,1,2,1,1,1,1,1,1,1,1,0,1,0,1,2,1,1,2,2,1,1,1,1,2,1,1,2,1,1,1,2,1,2,1,1,2,2,1,2,2,1,2,2,1,0,2,2,2,2,1,1,1,2,1,1,1,1,2,1,1,2,1,1,1,1,2,1,1,1,0,1,2,2,2,1,1,0,2,1,2,2,2,2,2,2,2,2,1,1,2,2,2,2,2,2,2,2,1,1,1,1,1,2,2,1,2,1,2,2,2,0,2,1,1,1,1,2,2,1,2,1,2,2,2,2,1,2,2,2,2,1,2,1,0,2,1,2,2,2
WA,QWa.3D.2,2,1,1,1,2,1,2,1,1,1,1,2,1,1,1,1,2,2,1,1,1,1,1,1,2,2,1,1,2,1,1,1,1,2,1,0,1,1,0,2,2,1,1,0,2,1,2,1,1,2,1,1,2,2,1,1,1,1,2,1,1,1,1,1,1,1,1,1,2,2,1,1,1,1,2,2,2,1,1,1,1,2,2,2,1,1,0,2,2,2,1,1,0,2,2,1,2,2,2,1,1,2,2,2,2,1,2,2,1,1,1,2,2,1,1,2,2,2,1,1,1,2,2,1,1,2,1,2,2,1,1,2,1,1,1,2,1,0,2,1,2,2,1,1,1,2,2,1,2,2,2,2,2,2,2,1,2,2,1,2,2,2,1,2,1,1,1,1,2,2,1,2,2,1,2,2,1,2,1,1,2,1,1,2,1,2,1,2,1,2,2,1,1,2,1,1,2,1,2,2,2,1,2,1,2,1,2,2,2,1,1,1,2,2,2,1,1,2,2,2,1,1,1,1,2,1,1,2,2,0,2,1,1,2,2,2,0,2,2,2,1,2,0,2,1,1,2,0,2,2,2,1,2,2,2,1,2,2,2,2,2,1,2,2,2,1,1,2,2,1,2,2,2,1,2,2,2,1,1,1,2,2,2,2,2,2,2,2,2,1,2,2,2,2,1,1,2,2,2,2,2,2,2,1,2,2,2,2,2,2,2,1,2,1,2,2,2,2,2,1,1,2,2,2,2,2,2,1,2,2,2,1,2,2,2,1,1,2,2,2,1,2,2,2,1,2,2,1,2,2,2,1,2,1,2,2,1,2,2,2,2,2,1,2,1,2,2,2,2,2,1,2,1,2,2,2,2,1,1,1,1,2,2,1,2,2,1,2,2,2,1,1,2,2,2,2,2,2,2,2,2,2,2,2,2,2,2,2,2,2,2,1,2,2,2,1,2,2,2,2,2,2,2,2,2,2,2,2,2,2,2,2,2,2,2,2,2,2,2,2,2,2,2,2,2,2,2,2,2,2,2,2,2,2,2,1,2,2,2,2,2,2,2,2,2,2,2,2,2,2,2,2,2,2,2,2,1,1,2,2,2,2
WA,QWa.5A.1,1,1,1,1,1,1,2,1,1,1,1,1,1,1,1,1,1,1,1,1,1,1,1,1,2,1,1,1,1,1,1,1,1,1,1,1,1,1,1,1,1,1,1,1,1,1,1,1,1,2,1,1,1,1,1,1,1,1,1,1,1,1,1,1,1,1,1,1,1,1,1,1,1,1,1,1,1,2,1,1,1,2,1,1,1,2,2,1,1,1,1,1,1,1,1,2,2,1,1,1,1,1,1,1,1,1,2,1,1,1,1,1,2,2,2,2,1,2,1,2,1,2,1,1,2,1,1,1,2,1,1,1,1,1,2,1,1,1,1,1,2,1,2,2,1,1,1,1,2,1,2,1,1,1,1,1,1,1,1,1,1,1,1,1,1,1,1,1,1,1,1,2,1,1,1,2,1,1,2,2,2,1,2,2,1,1,1,1,1,1,1,1,2,1,2,1,2,1,1,1,2,1,1,1,2,1,1,2,1,1,2,1,1,2,1,1,1,1,2,1,1,1,1,1,1,1,1,1,1,1,1,1,1,2,1,2,1,1,1,1,1,1,1,1,1,1,2,1,1,1,1,1,1,1,1,1,1,1,1,1,1,1,1,1,1,1,1,1,1,1,1,1,1,1,2,1,1,1,1,1,1,1,1,1,1,1,1,1,1,1,1,1,1,1,1,1,1,1,1,1,1,1,1,1,1,1,1,1,1,1,1,1,1,1,1,1,1,1,1,1,1,1,1,1,1,1,1,1,1,1,1,1,1,1,2,1,1,1,1,1,1,1,1,1,1,1,1,1,1,1,1,1,1,1,1,1,1,1,1,1,1,1,1,1,1,1,1,1,1,1,2,1,1,1,2,1,1,1,1,1,1,1,1,2,1,2,1,1,1,1,1,1,1,1,1,1,1,1,1,2,1,1,1,1,1,1,1,1,1,1,1,1,1,1,1,1,1,1,1,1,1,2,1,1,1,1,1,1,1,1,1,1,1,1,1,1,1,1,1,1,1,1,1,1,2,1,2,1,1,1,1,1,1,1,1,1,1,1,1,1,2,1,1,2,1,1,1,1,1,1,1,1,1,1,1,1,1,1,1,1,1,1
WA,QWa.5A.2,1,1,1,1,1,1,2,2,1,1,1,1,1,1,1,2,2,2,1,2,2,2,1,1,1,1,1,1,2,1,1,1,1,1,1,1,1,1,2,1,1,1,1,1,1,1,1,2,1,2,1,1,1,1,1,1,1,2,1,1,1,1,1,2,1,1,1,1,1,1,1,1,1,1,1,1,1,1,1,1,1,2,1,1,1,1,1,1,1,1,2,1,1,1,1,1,1,1,1,1,1,1,1,1,1,1,1,1,1,1,1,1,1,1,1,1,1,1,1,1,1,1,1,1,1,1,1,1,1,1,1,2,1,1,1,1,1,2,1,1,1,1,1,1,1,1,1,1,1,1,1,1,1,1,1,1,1,1,1,2,2,1,1,1,1,1,1,1,1,1,1,1,1,1,1,1,1,1,1,1,2,2,1,2,1,1,1,1,1,1,1,1,1,1,1,1,1,1,1,1,1,1,1,1,1,1,1,2,1,1,1,1,1,1,1,1,1,1,1,1,1,1,1,1,2,1,1,1,1,1,1,1,1,1,1,1,1,1,1,1,1,1,2,2,1,1,1,1,1,1,2,1,2,2,1,1,1,1,1,2,2,1,2,2,2,1,1,2,2,1,1,1,1,2,2,2,1,1,1,1,1,2,1,1,1,1,1,1,1,1,1,1,1,1,1,1,1,2,1,2,1,2,1,1,2,2,2,2,1,1,1,1,1,1,1,1,1,1,1,1,1,1,1,1,1,1,1,1,2,1,2,2,1,2,1,1,1,1,1,1,1,1,1,1,2,1,1,1,1,1,1,1,1,1,1,2,1,2,1,1,1,1,1,1,1,1,1,1,1,1,1,1,1,2,1,1,1,1,1,2,2,1,1,2,1,2,1,1,1,2,1,1,2,2,1,2,1,1,2,2,1,1,1,2,1,1,1,2,2,1,1,1,2,1,1,1,1,1,1,1,1,1,2,2,2,2,2,1,1,1,1,1,1,1,1,1,1,1,1,1,1,1,1,1,1,1,1,1,2,1,1,1,1,1,1,1,1,1,1,1,2,1,2,2,1,2,1,2,1,1,1,1,1,2,1,1,2,2,2,2,1,2
WA,QWa.5D.1,2,1,1,1,1,1,2,2,1,1,1,1,1,1,1,2,2,1,1,2,1,2,1,1,2,2,2,2,2,1,2,1,1,1,1,1,1,1,2,1,1,1,1,2,1,1,2,2,1,2,1,1,1,1,1,1,1,1,2,1,2,2,1,2,1,2,1,1,1,2,1,1,1,1,1,2,2,1,1,1,1,1,1,1,2,2,2,1,2,1,1,1,1,2,1,1,1,2,2,1,1,1,2,1,2,1,1,1,2,2,1,2,1,2,2,1,1,2,1,2,1,2,2,2,2,2,1,1,2,1,1,1,1,1,2,2,1,1,2,2,2,2,2,2,1,1,1,1,2,2,2,2,2,2,2,2,1,2,2,1,1,1,1,1,2,1,2,1,2,1,2,1,1,1,1,2,2,2,2,2,2,1,1,1,2,1,2,1,1,2,1,2,2,2,1,2,2,1,1,1,2,1,1,1,1,1,1,1,2,1,1,1,1,2,2,1,1,2,2,1,1,1,1,1,2,1,1,1,1,1,1,1,1,1,2,1,2,1,1,1,1,1,1,1,1,1,1,1,2,1,1,1,1,1,1,1,1,1,1,1,1,1,1,1,1,1,2,2,2,1,2,1,1,1,1,2,1,2,1,2,2,1,1,2,2,1,1,2,1,1,1,1,1,1,1,1,2,2,2,1,2,2,2,1,2,2,2,2,2,2,2,2,1,1,1,2,1,2,2,2,2,1,1,2,1,1,1,1,2,1,2,1,2,2,2,1,1,1,2,1,1,1,1,1,2,1,1,1,2,1,1,1,1,1,1,1,2,2,1,1,2,1,1,1,2,2,1,2,1,1,2,1,1,1,1,1,1,2,2,2,2,2,2,1,2,2,2,2,2,2,2,2,2,2,1,2,1,1,1,2,2,2,2,2,2,2,2,1,2,1,2,1,1,2,1,2,2,1,1,1,2,1,2,2,2,2,2,2,2,2,2,2,2,2,2,2,2,2,1,1,1,1,2,2,1,1,1,2,1,2,2,2,2,2,1,2,2,2,1,2,1,1,2,1,2,2,1,2,2,2,1,2,2,2,1,2,1,1,1,1,2,2
WA,QWa.7A.1,1,1,1,1,1,1,2,1,1,1,1,2,1,1,1,1,1,1,1,1,1,2,1,1,1,1,2,1,1,1,2,1,1,1,1,1,1,1,1,1,1,1,1,1,1,1,1,1,1,1,1,1,2,1,1,1,1,2,1,1,1,2,1,1,1,1,1,1,1,1,1,1,1,1,1,2,2,2,2,2,2,2,1,1,1,1,1,1,2,1,1,1,2,1,1,2,1,2,2,1,1,1,1,1,1,2,2,1,1,1,1,1,2,1,2,2,1,1,1,2,1,1,2,1,1,2,1,1,2,2,2,1,1,1,2,2,1,1,1,1,1,1,1,2,1,1,1,1,1,1,2,1,1,1,1,1,1,2,1,1,1,1,1,2,2,1,2,1,1,2,2,1,1,1,2,2,1,1,2,2,1,2,2,1,1,1,2,1,1,1,2,1,2,1,2,1,1,2,1,1,1,2,1,1,1,1,1,1,2,1,2,2,1,2,1,1,2,1,1,1,1,1,1,1,2,2,1,1,1,1,2,1,1,1,1,1,1,1,1,1,1,1,1,1,1,1,1,1,1,1,1,1,1,1,1,1,1,2,1,1,1,1,1,1,1,1,1,1,2,1,1,1,1,1,1,1,1,1,2,1,2,1,1,1,1,1,1,1,1,1,1,1,1,1,1,1,2,1,1,1,1,1,1,1,1,1,1,1,1,1,1,1,1,1,1,1,1,1,1,1,1,1,1,1,1,1,1,1,1,1,1,1,1,1,1,1,1,1,1,1,1,1,1,1,1,1,1,1,1,1,1,1,1,1,1,1,2,1,1,1,1,1,1,1,1,1,1,1,1,1,2,1,1,1,1,1,1,1,1,1,2,1,1,1,1,2,1,1,1,1,1,1,1,1,1,1,1,1,1,1,1,1,1,1,1,1,1,1,1,1,1,1,2,1,1,1,1,1,1,1,1,1,1,1,1,1,1,1,1,1,1,1,1,1,1,1,1,1,1,1,1,1,1,1,1,1,1,1,1,2,1,1,1,1,1,1,1,1,1,1,1,1,1,1,2,1,1,1,1,1,1,1,2,1,1,1,1,1,1,1,1,1
GH,QGh.2D.1,2,2,1,2,1,1,1,2,2,2,2,2,1,1,1,2,2,1,2,2,2,2,2,1,2,1,2,2,2,2,2,2,1,2,2,2,1,2,2,2,2,1,1,2,2,1,1,2,2,2,1,1,2,2,2,1,1,1,2,1,2,2,2,2,1,2,2,1,1,2,1,2,2,2,2,1,2,2,2,2,2,2,2,2,1,2,2,2,2,1,2,1,2,2,2,2,2,2,2,2,2,2,2,2,1,2,2,2,2,2,1,2,2,1,2,2,2,2,2,2,2,2,2,2,2,2,2,2,2,2,1,2,2,1,2,2,1,2,1,2,2,2,1,2,2,2,2,2,2,2,2,1,2,2,1,2,2,2,2,2,2,2,2,2,2,2,2,1,1,2,1,2,2,2,2,2,2,1,2,2,2,2,2,2,1,1,2,2,2,2,1,2,2,2,2,2,2,2,2,2,1,2,2,2,2,1,1,2,1,2,2,1,2,2,2,2,2,2,2,2,2,2,2,2,2,2,2,2,2,2,2,2,2,2,2,2,1,2,2,1,2,2,1,1,1,2,2,1,2,2,2,1,2,2,2,2,1,1,2,2,2,2,2,2,2,1,2,2,1,1,2,2,2,2,2,2,2,2,1,2,2,2,2,2,2,2,2,2,1,1,2,2,2,2,2,2,2,2,1,1,2,2,2,1,2,1,2,2,2,2,1,1,2,2,2,2,2,2,2,2,2,1,2,2,1,2,2,1,2,2,2,2,2,2,2,2,2,2,2,2,2,2,2,2,1,2,1,2,2,2,2,2,2,2,2,2,2,2,2,2,2,2,2,1,2,2,2,2,2,2,2,2,2,2,2,2,2,2,2,2,2,2,2,2,2,2,2,2,2,2,2,2,1,2,1,2,1,1,2,2,2,2,2,2,2,2,2,2,1,1,2,1,1,2,2,2,2,2,2,2,2,2,2,2,2,2,2,2,2,2,2,2,2,2,2,2,2,2,2,1,2,2,2,2,2,2,2,1,1,1,2,2,2,1,2,2,2,1,2,2,1,2,2,1,2,2,2,2,1,2,2,2,1,2,2,2,2,1,2,2,2,2
GH,QGh.2D.2,2,2,2,2,2,2,2,2,1,2,2,2,2,2,2,2,2,2,1,2,2,2,2,2,1,2,2,2,2,2,2,2,2,2,2,2,2,2,2,1,1,2,2,2,2,1,2,2,2,2,1,2,1,2,2,1,2,2,2,2,2,2,2,2,2,2,2,2,2,2,2,2,2,2,2,1,1,2,2,2,2,2,2,1,2,2,2,1,2,2,1,2,1,2,2,2,2,1,2,1,2,2,2,2,2,1,2,2,2,2,2,2,2,2,2,2,2,2,2,2,2,2,2,2,2,2,2,2,2,2,1,1,2,2,2,2,2,2,2,2,2,2,2,2,2,2,2,1,2,2,2,2,2,2,2,2,2,2,2,1,1,2,2,2,2,2,1,1,2,2,2,2,2,2,2,2,2,2,2,2,2,2,2,2,2,2,1,2,2,1,2,1,2,1,2,1,2,2,2,2,2,2,2,2,2,2,2,2,1,2,2,1,2,2,2,2,1,2,2,2,2,2,2,2,2,2,2,2,2,2,2,2,2,2,2,2,2,1,2,1,2,1,1,1,2,2,2,1,2,1,2,2,1,2,2,1,1,2,1,2,1,1,1,1,1,2,1,1,2,2,2,2,2,1,2,2,2,2,2,2,2,2,2,2,2,2,2,2,2,2,2,2,2,2,2,1,2,2,1,2,2,2,1,2,2,2,2,2,2,2,1,2,2,2,2,2,2,2,2,2,1,2,2,2,2,2,2,2,2,2,2,1,2,1,1,2,2,2,2,2,2,1,2,2,2,2,2,2,2,2,2,2,2,2,2,2,1,2,1,1,1,2,2,1,2,2,2,2,2,2,2,2,2,2,2,2,1,2,2,2,2,2,2,1,2,2,1,2,2,2,2,2,2,2,2,2,2,2,2,2,2,2,2,2,2,2,2,2,2,2,2,2,2,2,2,2,2,2,1,2,1,2,2,2,2,2,2,2,2,2,2,2,1,2,2,2,2,2,2,1,2,2,2,2,2,2,2,2,2,2,1,1,1,2,2,2,2,2,2,2,2,1,2,2,1,2,2,2,1,2,1,2,1,2,2,1,2,2,1,1,2,2
GH,QGh.3A.1,1,2,2,2,1,1,2,2,1,2,1,2,2,1,2,2,2,2,1,2,1,2,2,2,2,1,2,2,2,2,1,2,1,1,2,2,2,2,2,1,1,2,2,2,2,2,2,1,2,1,2,1,1,1,1,1,1,1,1,2,2,2,2,2,2,2,2,1,1,2,2,1,1,2,1,1,1,1,1,1,1,1,2,1,2,1,1,1,1,1,1,1,1,1,1,1,1,1,1,1,2,1,1,1,2,1,1,2,1,1,1,1,1,1,2,1,2,1,1,1,1,1,1,1,1,2,1,1,1,1,1,1,2,1,1,1,2,2,1,1,1,1,1,1,1,1,1,1,1,1,2,1,1,1,1,1,1,2,1,1,2,1,1,1,2,1,1,1,1,1,1,1,1,1,1,1,1,1,1,1,1,1,1,1,1,1,1,1,1,1,1,1,1,1,1,2,1,1,1,1,1,1,1,2,1,1,1,1,1,1,1,1,1,1,1,1,1,1,1,2,1,1,1,1,1,1,1,2,1,1,1,2,2,1,1,1,1,1,1,1,1,1,1,1,2,1,1,2,1,1,1,2,1,1,1,1,1,1,1,1,1,1,1,1,1,2,1,1,2,1,1,1,1,1,1,2,1,1,2,1,1,1,1,1,1,1,1,1,1,1,1,1,1,1,2,1,1,2,1,2,2,2,1,2,2,2,2,2,2,2,1,1,1,1,1,1,1,1,1,1,1,1,1,1,1,2,1,2,2,1,2,1,2,1,1,1,1,2,1,2,2,1,1,1,2,1,1,1,1,1,1,1,1,1,1,1,2,1,1,1,1,2,1,1,1,1,2,2,1,1,1,1,1,1,1,1,1,1,2,2,1,1,1,1,1,2,1,1,1,2,1,2,1,1,1,2,1,1,1,1,1,1,1,1,1,1,1,1,2,1,2,1,2,1,1,1,1,1,1,2,1,1,2,2,2,2,2,1,1,1,1,1,2,2,1,1,1,1,1,1,2,1,1,1,1,1,1,1,1,1,1,1,1,1,1,1,1,1,1,1,2,1,2,1,1,2,1,1,1,1,2,2,1,1,1,1,1,1,1,1,1,1
GH,QGh.4B.1,1,1,1,1,1,1,2,2,1,1,1,1,1,1,1,2,0,2,1,2,2,2,1,1,1,1,1,1,2,1,1,1,1,1,1,1,1,1,0,1,1,1,1,1,1,1,1,0,1,0,1,1,1,1,1,1,1,2,1,1,1,1,1,2,1,1,1,1,1,1,1,1,1,1,1,1,1,1,1,1,1,1,1,1,1,1,1,1,1,1,0,1,1,1,1,1,1,1,1,1,1,1,1,1,1,1,1,1,1,1,1,1,1,1,1,1,1,1,1,1,1,1,1,1,1,1,1,1,1,1,1,2,1,1,1,1,1,0,1,1,1,1,1,1,1,1,1,1,1,1,1,1,1,1,1,1,1,1,1,2,2,1,1,1,1,1,1,1,1,1,1,1,1,1,1,1,1,1,1,1,2,2,1,1,1,1,1,1,1,1,1,1,1,1,1,1,1,1,1,1,1,1,1,1,1,1,1,2,1,1,1,1,1,1,1,1,1,1,1,1,1,1,1,1,2,1,1,1,1,1,1,1,1,1,1,1,1,1,1,1,1,1,1,2,1,1,1,1,1,1,0,1,2,2,1,1,1,1,1,2,2,1,2,2,2,1,1,2,2,1,1,1,1,2,2,2,1,1,1,1,1,2,1,1,1,1,1,1,1,1,1,1,1,1,1,1,1,1,1,2,1,2,1,1,2,2,2,2,1,1,1,1,1,1,1,1,1,1,1,1,1,1,1,1,1,1,1,1,2,1,2,2,1,1,1,1,1,1,1,1,1,1,1,1,2,1,1,1,1,1,1,1,1,1,1,2,1,2,1,1,1,1,1,1,1,1,1,1,1,1,1,1,1,2,1,1,1,1,1,1,2,1,1,0,1,2,1,1,1,1,1,1,2,2,1,2,1,1,2,2,1,1,1,2,1,1,1,2,2,1,1,1,1,1,1,1,1,1,1,1,1,1,2,2,2,2,2,1,1,1,1,1,1,1,1,1,1,1,1,1,1,1,1,1,1,1,1,1,1,1,1,1,1,1,1,1,1,1,1,1,2,1,2,2,1,2,1,2,1,1,1,1,1,2,1,1,2,2,2,2,1,2
GH,QGh.5A.1,1,1,1,1,1,1,2,1,1,1,1,1,1,1,1,1,1,1,1,1,1,1,1,1,2,1,1,1,1,1,1,1,1,1,1,1,1,1,1,1,1,1,1,1,1,1,1,1,1,2,1,1,1,1,1,1,1,1,1,1,1,1,1,1,1,1,1,1,1,1,1,1,1,1,1,1,1,2,1,1,1,2,1,1,1,2,2,1,1,1,1,1,1,1,1,2,2,1,1,1,1,1,1,1,1,1,2,1,1,1,1,1,2,2,2,2,1,2,1,2,1,2,1,1,2,1,1,1,2,1,1,1,1,1,2,1,1,1,1,1,2,1,2,2,1,1,1,1,2,1,2,1,1,1,1,1,1,1,1,1,1,1,1,1,1,1,1,1,1,1,1,2,1,1,1,2,1,1,2,2,2,1,2,2,1,1,1,1,1,1,1,1,2,1,2,1,2,1,1,1,2,1,1,1,2,1,1,2,1,1,2,1,1,2,1,1,1,1,2,1,1,1,1,1,1,1,1,1,1,1,1,1,1,2,1,2,1,1,1,1,1,1,1,1,1,1,2,1,1,1,1,1,1,1,1,1,1,1,1,1,1,1,1,1,1,1,1,1,1,1,1,1,1,1,2,1,1,1,1,1,1,1,1,1,1,1,1,1,1,1,1,1,1,1,1,1,1,1,1,1,1,1,1,1,1,1,1,1,1,1,1,1,1,1,1,1,1,1,1,1,1,1,1,1,1,1,1,1,1,1,1,1,1,1,2,1,1,1,1,1,1,1,1,1,1,1,1,1,1,1,1,1,1,1,1,1,1,1,1,1,1,1,1,1,1,1,1,1,1,1,2,1,1,1,2,1,1,1,1,1,1,1,1,2,1,2,1,1,1,1,1,1,1,1,1,1,1,1,1,2,1,1,1,1,1,1,1,1,1,1,1,1,1,1,1,1,1,1,1,1,1,2,1,1,1,1,1,1,1,1,1,1,1,1,1,1,1,1,1,1,1,1,1,1,2,1,2,1,1,1,1,1,1,1,1,1,1,1,1,1,2,1,1,2,1,1,1,1,1,1,1,1,1,1,1,1,1,1,1,1,1,1
GH,QGh.5A.1,1,1,1,1,1,1,2,2,1,1,1,1,1,1,1,2,2,2,1,2,2,2,1,1,1,1,1,1,2,1,1,1,1,1,1,1,1,1,2,1,1,1,1,1,1,1,1,2,1,2,1,1,1,1,1,1,1,2,1,1,1,1,1,2,1,1,1,1,1,1,1,1,1,1,1,1,1,1,1,1,1,1,1,1,1,1,1,1,1,1,2,1,1,1,1,1,1,1,1,1,1,1,1,1,1,1,1,1,1,1,1,1,1,1,1,1,1,1,1,1,1,1,1,1,1,1,1,1,1,1,1,2,1,1,1,1,1,2,1,1,1,1,1,1,1,1,1,1,1,1,1,1,1,1,1,1,1,1,1,2,2,1,1,1,1,1,1,1,1,1,1,1,1,1,1,1,1,1,1,1,2,2,1,1,1,1,1,1,1,1,1,1,1,1,1,1,1,1,1,1,1,1,1,1,1,1,1,2,1,1,1,1,1,1,1,1,1,1,1,1,1,1,1,1,2,1,1,1,1,1,1,1,1,1,1,1,1,1,1,1,1,1,1,2,1,1,1,1,1,1,2,1,2,2,1,1,1,1,1,2,2,1,2,2,2,1,1,2,2,1,1,1,1,2,2,2,1,1,1,1,1,2,1,1,1,1,1,1,1,1,1,1,1,1,1,1,1,1,1,2,1,2,1,1,2,2,2,2,1,1,1,1,1,1,1,1,1,1,1,1,1,1,1,1,1,1,1,1,2,1,2,2,1,1,1,1,1,1,1,1,1,1,1,1,2,1,1,1,1,1,1,1,1,1,1,2,1,2,1,1,1,1,1,1,1,1,1,1,1,1,1,1,1,2,1,1,1,1,1,1,2,1,1,2,1,2,1,1,1,1,1,1,2,2,1,2,1,1,2,2,1,1,1,2,1,1,1,2,2,1,1,1,1,1,1,1,1,1,1,1,1,1,2,2,2,2,2,1,1,1,1,1,1,1,1,1,1,1,1,1,1,1,1,1,1,1,1,1,1,1,1,1,1,1,1,1,1,1,1,1,2,1,2,2,1,2,1,2,1,1,1,1,1,2,1,1,2,2,2,2,1,2
GH,QGh.5A.2,1,1,1,1,1,1,2,2,1,1,1,1,1,1,1,2,2,2,1,2,2,2,1,1,1,1,1,1,2,1,1,1,1,1,1,1,1,1,1,1,1,1,1,1,1,1,1,1,1,2,1,1,1,1,1,1,1,1,1,1,1,1,1,2,1,1,1,1,1,1,1,1,1,1,1,1,1,1,1,1,1,1,1,1,1,1,1,1,1,1,1,1,1,1,1,1,1,1,1,1,1,1,1,1,1,1,1,1,1,1,1,1,1,1,1,1,1,1,1,1,1,1,1,1,1,1,1,1,1,1,1,1,1,1,1,1,1,2,1,1,1,1,1,1,1,1,1,1,1,1,1,1,1,1,1,1,1,1,1,1,1,1,1,1,1,1,1,1,1,1,1,1,1,1,1,1,1,1,1,1,1,2,1,1,1,1,1,1,1,1,1,1,1,1,1,1,1,1,1,1,1,1,1,1,1,1,1,1,1,2,1,1,1,1,1,1,1,1,1,1,1,1,1,1,1,1,1,1,1,1,1,1,1,1,1,1,1,1,1,1,1,1,1,2,1,1,1,1,1,1,1,1,2,2,1,1,1,1,1,2,1,1,1,1,1,1,1,1,2,1,1,1,1,1,1,2,1,1,1,1,1,1,1,1,1,1,1,1,1,1,1,1,1,1,1,1,1,1,1,2,1,2,1,1,2,2,2,2,1,1,1,1,1,1,1,1,1,1,1,1,1,1,1,1,1,1,1,1,2,1,2,2,1,1,1,1,1,1,1,1,1,1,1,1,2,1,1,1,1,1,1,1,1,1,1,2,1,2,1,1,1,1,1,1,1,1,1,1,1,1,1,1,1,2,1,1,1,1,1,1,2,1,1,1,1,1,1,1,1,1,1,1,1,1,1,2,1,1,1,2,1,1,1,2,1,1,1,2,1,1,1,1,1,2,1,1,1,1,1,1,2,1,2,2,2,2,2,1,1,1,1,1,1,1,1,1,1,1,1,1,1,1,1,1,1,1,1,1,1,1,1,1,1,1,1,1,1,1,1,1,1,1,2,2,1,2,1,2,1,1,1,1,1,1,1,1,1,2,1,1,1,2
GH,QGh.5D.1,2,1,1,1,1,1,2,2,1,1,1,1,1,1,1,2,2,1,1,2,1,2,1,1,2,2,2,2,2,1,2,1,1,1,1,1,1,1,2,1,1,1,1,2,1,1,2,2,1,2,1,1,1,1,1,1,1,1,2,1,2,2,1,2,1,2,1,1,1,2,1,1,1,1,1,2,2,1,1,1,1,1,1,1,2,2,2,1,2,1,1,1,1,2,1,1,1,2,2,1,1,1,2,1,2,1,1,1,2,2,1,2,1,2,2,1,1,2,1,2,1,2,2,2,2,2,1,1,2,1,1,1,1,1,2,2,1,1,2,2,2,2,2,2,1,1,1,1,2,2,2,2,2,2,2,2,1,2,2,1,1,1,1,1,2,1,2,1,2,1,2,1,1,1,1,2,2,2,2,2,2,1,1,1,2,1,2,1,1,2,1,2,2,2,1,2,2,1,1,1,2,1,1,1,1,1,1,1,2,1,1,1,1,2,2,1,1,2,2,1,1,1,1,1,2,1,1,1,1,1,1,1,1,1,2,1,2,1,1,1,1,1,1,1,1,1,1,1,2,1,1,1,1,1,1,1,1,1,1,1,1,1,1,1,1,1,2,2,2,1,2,1,1,1,1,2,1,2,1,2,2,1,1,2,2,1,1,2,1,1,1,1,1,1,1,1,2,2,2,1,2,2,2,1,2,2,2,2,2,2,2,2,1,1,1,2,1,2,2,2,2,1,1,2,1,1,1,1,2,1,2,1,2,2,2,1,1,1,2,1,1,1,1,1,2,1,1,1,2,1,1,1,1,1,1,1,2,2,1,1,2,1,1,1,2,2,1,2,1,1,2,1,1,1,1,1,1,2,2,2,2,2,2,1,2,2,2,2,2,2,2,2,2,2,1,2,1,1,1,2,2,2,2,2,2,2,2,1,2,1,2,1,1,2,1,2,2,1,1,1,2,1,2,2,2,2,2,2,2,2,2,2,2,2,2,2,2,2,1,1,1,1,2,2,1,1,1,2,1,2,2,2,2,2,1,2,2,2,1,2,1,1,2,1,2,2,1,2,2,2,1,2,2,2,1,2,1,1,1,1,2,2
FSN,QFsn.1B.1,2,2,2,2,2,2,2,2,2,2,2,2,2,2,2,2,2,2,2,2,2,2,2,2,2,2,2,2,2,2,2,2,2,2,2,2,2,2,2,1,1,2,2,2,2,2,2,2,2,1,2,2,2,2,2,2,2,2,2,2,2,2,2,2,2,2,2,2,2,2,2,2,2,2,2,2,2,2,2,2,2,2,2,2,2,2,2,2,2,2,2,2,2,2,2,2,2,2,2,2,2,2,2,2,1,2,2,2,2,2,2,2,2,2,2,2,2,2,2,2,2,2,2,2,2,2,2,2,2,2,2,2,2,2,2,2,2,2,2,2,2,2,2,2,2,2,2,2,2,2,2,2,2,2,2,2,2,2,2,2,2,2,2,2,2,2,2,2,2,2,2,2,2,2,2,2,2,2,2,2,2,2,2,2,2,2,2,2,2,2,2,2,2,2,2,2,2,2,2,2,2,2,2,2,2,2,2,2,2,2,2,2,2,2,1,2,2,2,2,2,2,2,2,2,1,2,2,2,2,2,2,2,2,2,2,2,1,1,2,1,2,2,1,2,2,2,2,1,2,1,2,2,1,1,2,2,1,1,1,2,2,2,2,2,2,2,2,2,2,2,2,1,1,2,2,2,2,2,2,2,2,2,2,2,2,2,1,2,2,2,2,1,2,2,2,2,2,2,2,2,2,2,2,2,2,2,2,2,2,2,2,2,2,2,2,2,2,2,2,2,2,2,2,2,2,2,2,2,2,2,2,2,2,2,2,2,2,2,2,2,2,2,2,2,2,2,2,2,2,2,2,2,2,2,2,2,2,2,2,2,2,2,2,2,2,2,2,1,2,2,2,2,2,1,2,2,2,2,2,1,2,2,2,2,2,2,2,2,2,1,1,2,2,2,2,2,1,1,2,2,2,2,2,2,1,2,2,2,1,2,2,1,2,2,2,1,2,2,2,2,2,2,2,2,2,2,2,2,2,2,1,2,2,2,1,2,2,1,2,2,2,2,2,2,2,2,2,2,2,2,2,2,2,2,2,2,2,2,2,2,2,2,2,2,2,2,2,2,2,2,2,2,2,2,2,1,2,2,2,2,2,2
FSN,QFsn.2A.1,1,1,2,1,2,2,0,1,2,1,1,0,1,2,2,1,0,1,2,1,1,1,2,2,2,2,2,1,1,2,1,1,2,1,2,2,2,2,2,1,1,2,2,2,2,1,2,2,2,1,2,1,2,1,2,0,2,1,1,2,2,2,2,1,2,2,2,1,1,1,2,2,2,2,1,2,2,2,1,1,1,1,1,1,2,1,1,2,1,2,2,2,1,2,2,1,2,1,1,1,0,2,1,2,2,1,1,1,2,1,2,2,1,1,2,1,1,1,1,1,1,1,1,1,1,1,1,1,1,2,1,1,2,2,1,1,2,1,1,1,1,1,1,1,2,2,2,1,2,2,1,1,1,1,1,1,1,1,1,2,1,1,1,1,2,1,1,1,1,1,1,0,1,1,1,1,1,1,1,1,1,1,1,1,1,1,2,1,1,1,1,2,2,2,1,1,1,1,1,1,2,1,2,2,1,1,1,2,1,1,1,1,1,1,1,1,1,1,1,1,1,1,1,1,1,1,1,1,1,1,1,1,1,1,1,1,2,1,1,2,2,2,2,2,2,1,2,2,2,2,1,2,2,2,1,2,2,2,2,2,1,2,1,1,1,2,1,1,2,1,2,2,2,2,2,2,2,1,1,2,2,2,2,2,2,2,2,2,2,1,1,2,2,2,1,1,2,1,2,2,1,0,1,0,2,0,2,2,2,2,1,2,1,1,1,1,1,1,1,1,1,2,2,1,2,2,1,1,1,2,2,2,1,1,1,2,2,1,1,1,1,2,0,1,2,1,1,2,1,1,2,2,2,2,0,2,0,1,1,2,0,1,2,2,1,2,1,1,2,2,1,1,1,1,1,2,2,2,1,1,2,1,1,2,1,1,2,1,2,1,1,1,1,1,2,2,1,1,2,2,2,2,2,1,1,2,2,1,1,2,2,2,2,2,1,2,2,1,1,1,2,1,2,2,2,2,2,2,1,1,1,1,2,2,1,1,1,1,1,2,1,1,2,2,1,1,2,2,2,2,2,2,2,0,1,1,2,2,1,1,2,2,1,1,1,2,2,2,2,2,2,2,2,1,1,2,2,0,2,1,1,1
FSN,QFsn.2B.1,2,2,2,2,2,2,2,2,2,2,2,2,2,2,2,1,1,2,2,2,2,1,2,2,2,2,2,1,2,2,2,2,2,2,2,2,2,2,2,2,2,2,2,2,2,2,2,0,2,2,2,2,2,2,2,2,2,2,2,2,2,2,2,1,2,2,2,2,2,2,2,2,2,2,2,2,2,2,2,2,2,2,2,2,2,2,2,2,2,2,2,2,2,2,2,2,2,2,2,2,2,2,2,2,2,2,2,2,2,2,2,2,2,2,2,2,2,2,2,2,2,2,2,2,2,2,2,2,2,2,2,2,2,2,2,2,2,2,2,2,2,2,2,2,2,2,2,2,2,2,2,2,2,2,2,2,2,2,2,2,2,2,2,2,2,2,2,2,2,2,2,2,2,2,2,2,2,2,2,2,2,2,2,2,2,2,2,2,2,2,2,2,2,2,2,2,2,2,2,2,2,2,2,2,2,2,2,2,2,2,2,2,2,2,2,2,2,2,2,2,2,2,2,2,1,2,2,2,2,2,2,2,2,2,2,2,2,2,2,2,2,2,2,2,2,2,2,2,2,2,2,2,2,2,2,2,2,2,2,2,2,2,2,2,2,2,2,2,1,2,2,2,2,2,2,2,2,2,2,2,2,2,2,2,2,2,2,2,2,2,2,2,2,2,2,2,1,2,2,2,2,2,2,2,2,2,2,2,2,2,2,2,2,2,2,2,2,2,2,2,2,2,2,2,2,2,2,2,2,2,2,2,2,2,1,2,2,2,1,2,2,2,2,2,2,2,2,2,2,2,2,2,2,2,2,2,2,2,2,2,2,2,2,2,2,2,2,2,2,2,2,2,2,2,2,2,2,2,2,2,2,2,2,2,2,2,2,2,2,2,2,2,2,2,2,2,2,2,2,2,2,2,2,2,2,2,2,1,2,2,2,2,2,2,2,2,2,2,2,2,2,2,2,2,2,2,2,2,2,2,2,2,2,2,2,2,2,2,2,2,2,2,2,2,2,2,2,2,2,2,2,2,2,2,2,2,2,2,2,2,2,2,2,2,2,2,2,2,2,2,2,2,2,2,2,2,2,2,2,2,2,2
FSN,QFsn.4A.1,2,2,2,2,2,0,2,2,2,2,1,1,1,0,2,2,2,2,2,2,2,2,2,2,2,2,2,0,2,1,2,0,2,2,1,1,1,2,1,2,0,1,1,0,2,2,0,1,2,1,2,2,2,1,2,2,2,2,2,1,2,2,1,2,1,0,2,2,2,2,1,2,2,1,2,2,2,2,2,2,2,0,1,2,2,2,2,1,2,2,2,2,2,1,1,2,1,2,2,2,2,2,2,2,2,2,2,2,2,2,2,2,1,2,2,2,2,2,2,2,1,2,2,2,1,2,2,2,2,2,2,2,1,2,2,2,1,0,2,2,2,1,2,2,2,2,2,2,2,2,2,2,2,2,2,2,0,2,2,2,2,2,2,2,2,2,2,2,2,2,2,2,2,2,2,2,2,2,2,2,1,2,2,2,2,2,2,2,0,2,2,2,2,2,2,2,2,2,2,2,0,2,2,1,2,2,2,1,2,1,2,2,2,2,2,2,2,2,2,2,2,2,2,2,2,2,2,2,2,2,2,2,2,1,2,2,2,2,2,2,1,2,2,2,2,2,2,2,1,2,2,1,1,2,2,2,0,2,2,2,2,2,2,2,2,2,2,1,2,1,1,1,1,2,1,2,2,2,2,2,2,1,2,2,2,1,2,2,2,2,2,2,2,2,2,2,1,2,2,2,2,0,2,1,1,2,2,1,1,1,2,2,2,2,2,2,2,2,2,2,2,2,2,2,2,2,2,2,2,2,1,2,2,2,1,2,1,2,2,0,2,2,2,2,2,2,1,2,1,1,2,2,2,2,2,0,2,2,1,2,2,2,2,1,2,2,2,2,2,2,2,2,2,2,0,2,2,2,2,2,2,2,2,2,2,2,2,2,2,2,2,2,2,2,2,2,2,2,2,2,2,1,2,2,2,2,1,2,1,2,2,2,2,2,2,2,2,2,1,2,1,1,1,1,1,1,1,2,2,2,2,2,2,1,2,1,2,2,2,2,2,1,2,2,1,2,1,2,1,1,2,2,2,2,2,1,2,2,2,2,2,0,0,1,1,1,2,2,2,2,2,2,2,2,2,2,1,2,2,2,2,2
FSN,QFsn.4A.2,2,2,1,2,1,1,2,2,2,2,2,2,2,1,2,2,2,1,2,1,1,2,2,2,2,2,2,0,2,2,2,1,2,1,2,1,2,2,2,1,1,2,2,0,2,1,2,2,2,0,2,2,1,2,2,1,1,1,1,2,1,2,2,2,2,2,1,2,1,1,2,2,1,2,1,2,2,1,1,1,2,1,2,1,2,1,1,2,1,1,2,2,1,2,2,1,2,1,2,1,1,2,2,2,2,1,1,1,2,2,1,2,2,2,2,1,1,2,1,1,1,2,2,2,1,1,1,2,2,2,2,2,2,1,1,2,2,2,2,1,1,1,1,1,2,2,2,0,1,2,1,2,2,2,2,2,2,1,2,2,2,2,2,2,1,1,1,1,2,2,2,1,2,1,2,1,1,2,1,1,2,2,1,1,1,0,1,1,1,2,1,0,2,2,1,2,2,1,1,1,2,2,2,2,1,2,0,2,2,2,1,1,2,1,2,2,1,2,2,2,1,2,1,1,1,1,1,1,2,2,2,1,1,1,1,1,1,1,2,2,1,2,2,2,2,2,2,2,2,2,2,2,2,2,2,2,2,2,2,2,2,1,2,2,2,1,2,2,2,2,2,2,2,2,2,2,2,2,2,2,2,2,2,2,2,2,2,2,1,2,2,2,2,2,2,2,2,2,2,2,2,2,2,2,1,2,2,2,1,1,2,2,2,2,2,2,2,2,2,2,2,1,2,2,2,2,2,2,2,1,2,2,2,2,2,2,2,2,2,2,2,2,2,2,1,2,2,2,2,2,2,2,2,2,2,2,2,2,2,2,1,2,2,2,2,2,2,2,2,2,2,2,2,1,2,2,2,2,2,1,2,2,2,1,2,1,2,2,2,2,2,1,2,2,1,1,2,2,2,2,1,2,1,2,2,2,2,2,2,2,1,2,2,2,2,1,1,2,2,2,2,1,2,2,2,2,2,2,2,2,2,2,2,2,2,2,2,2,2,2,2,2,2,2,1,2,1,2,2,2,2,2,2,2,2,2,2,2,2,1,1,2,2,2,1,2,2,2,2,2,2,2,2,2,2,2,2,2,2,2,2,2
FSN,QFsn.6A.1,1,2,2,1,1,2,1,2,1,2,2,1,2,1,2,1,1,2,1,2,2,2,2,2,1,1,1,2,1,2,2,2,2,1,2,0,2,2,2,2,2,2,2,1,1,1,1,1,2,1,2,0,2,1,1,2,2,1,1,2,1,1,2,1,2,2,1,2,2,1,2,2,2,2,1,1,1,1,1,1,1,2,2,2,2,1,1,2,2,2,2,2,2,1,1,2,1,2,2,1,2,2,2,1,2,2,2,2,1,1,1,1,1,2,1,2,2,1,2,1,1,1,1,1,1,1,1,1,1,1,1,1,2,1,1,2,2,2,1,1,1,1,1,1,1,1,1,0,1,1,2,2,1,1,1,1,2,1,1,1,2,2,2,2,1,1,1,1,1,2,2,0,2,1,2,2,1,1,1,1,2,2,1,1,1,1,1,1,0,1,1,1,1,1,1,2,1,2,1,1,1,2,2,2,1,2,1,1,1,2,2,2,2,1,1,1,2,1,2,2,2,1,2,1,1,2,1,1,1,1,1,1,1,1,1,1,2,1,1,2,2,2,2,2,2,2,1,2,1,2,1,2,2,1,1,2,0,2,1,1,1,1,1,1,1,2,1,1,1,1,1,1,1,1,1,1,2,2,1,2,1,1,1,1,2,1,1,2,2,2,2,1,1,1,2,2,1,2,1,1,1,1,2,2,1,1,1,1,1,1,1,1,1,2,1,2,1,2,2,1,2,2,2,2,1,1,1,1,1,2,1,2,1,2,1,2,1,2,1,1,2,2,1,1,2,1,1,2,1,1,1,2,1,1,0,0,1,2,1,2,2,2,2,1,1,1,2,1,1,1,2,1,1,1,1,1,2,1,1,1,2,2,1,1,2,1,2,1,1,1,1,1,1,1,1,1,1,1,1,1,1,1,1,1,1,1,1,1,1,1,1,1,1,1,2,1,2,1,1,0,2,2,1,1,1,1,1,1,2,2,2,2,1,2,2,2,2,2,2,1,1,2,1,1,2,2,2,2,1,1,1,1,1,0,2,2,1,1,1,2,1,1,1,1,2,1,1,2,0,2,1,1,2,1,0,1,2,0,1,1,1,2
FSN,QFsn.6B.1,1,1,1,1,1,1,0,1,1,2,2,0,1,1,1,2,1,1,1,1,1,2,2,1,1,1,1,0,2,1,1,2,1,1,1,1,1,1,1,1,1,1,1,1,1,2,1,2,1,2,1,1,1,1,1,1,1,2,1,1,1,1,1,1,1,1,1,1,1,2,1,1,0,1,2,1,1,1,2,2,1,1,1,1,1,1,1,1,1,1,1,1,1,1,1,1,1,1,1,1,1,1,1,2,1,1,1,2,1,1,1,1,1,1,1,1,1,1,1,1,2,1,1,1,1,1,1,1,1,1,1,1,1,1,1,1,1,0,1,1,1,1,1,1,1,1,1,1,1,1,1,1,2,1,1,2,1,2,2,1,1,1,1,1,1,1,1,1,1,1,1,1,1,1,1,2,1,1,1,1,1,1,1,0,1,0,1,1,1,1,2,1,1,2,1,1,2,1,2,2,1,1,2,1,1,1,1,1,2,1,1,1,1,1,1,1,1,1,1,1,1,1,1,1,1,1,1,0,0,1,0,1,1,1,1,2,0,1,1,2,1,2,2,0,1,2,2,0,1,0,0,1,1,1,2,2,0,2,2,1,1,1,1,1,1,1,1,1,1,2,1,1,1,1,1,0,1,1,1,2,1,1,0,0,0,1,1,2,1,2,1,1,1,1,1,1,1,2,1,1,1,1,1,1,1,1,1,1,1,1,1,1,1,2,1,2,2,1,1,1,1,1,1,1,1,1,0,1,1,1,1,1,1,1,1,1,1,2,1,0,1,1,1,0,1,1,1,1,1,2,1,1,1,1,1,1,1,1,2,0,1,2,1,0,2,1,2,2,1,2,1,1,1,1,1,1,1,1,1,1,1,1,1,1,1,1,2,2,1,2,2,1,1,0,1,1,1,1,1,1,1,1,1,1,1,1,1,1,1,1,1,1,1,1,1,1,1,1,1,0,1,0,1,1,1,1,1,1,1,1,1,1,1,1,1,1,1,1,2,1,0,1,1,1,2,2,2,1,2,1,1,1,1,1,2,1,1,1,1,1,1,1,1,2,1,1,2,1,1,1,1,1,1,1,1,1,1,1,1,1,1,1
FSN,QFsn.7A.1,1,0,0,1,1,1,1,1,1,0,1,1,1,0,1,1,0,1,1,2,2,1,0,1,2,2,1,1,1,1,1,1,0,1,0,1,0,2,1,1,1,1,1,1,1,2,1,0,0,0,1,1,1,2,1,1,1,1,1,0,1,1,1,1,0,0,1,1,1,2,1,1,1,1,1,1,2,2,1,1,1,1,1,1,1,1,0,2,1,1,1,1,1,0,2,1,1,1,1,1,1,1,2,2,1,0,1,1,0,1,1,1,1,1,1,1,1,1,1,1,1,2,1,2,1,1,1,1,1,2,1,1,1,1,1,1,1,0,1,1,1,1,1,1,1,2,2,1,1,1,1,1,2,1,1,1,0,1,2,1,1,1,1,1,1,1,1,1,1,1,1,1,1,1,1,1,1,1,1,1,1,1,1,1,1,2,2,1,0,2,1,2,1,2,1,1,1,1,1,1,1,1,2,1,1,1,1,1,1,1,1,1,1,1,1,1,0,0,1,1,1,1,0,1,1,1,1,1,1,1,1,1,1,1,1,2,0,1,2,1,1,2,1,1,1,1,2,1,2,1,0,1,1,1,2,1,1,1,1,1,1,1,1,1,1,0,1,1,1,1,2,2,2,1,1,0,2,2,1,2,1,1,2,0,2,2,2,2,1,0,2,2,0,2,1,1,1,1,1,1,1,1,2,1,2,0,1,1,2,2,2,0,2,1,0,0,2,2,2,1,1,1,2,1,2,1,1,1,1,2,1,1,1,2,1,2,1,1,2,1,1,1,1,2,2,2,2,2,1,2,2,2,2,2,0,1,1,1,0,2,1,1,2,2,2,2,1,2,2,1,1,2,1,2,1,1,1,1,2,1,1,2,1,1,2,2,1,1,1,1,1,1,1,2,1,1,0,1,1,1,2,0,2,1,1,2,1,2,0,1,2,1,1,1,2,1,1,2,1,0,2,1,1,1,1,1,1,2,2,2,1,1,2,1,1,1,1,2,2,1,2,0,1,0,1,2,1,1,1,1,1,1,1,0,2,1,1,1,2,1,1,1,0,1,2,1,2,1,1,2,2,1,1,1,1,2,1,0,1,1,1,0
FSN,QFsn.7B.1,1,1,1,2,2,2,1,2,1,1,1,1,2,2,2,1,2,2,1,1,1,1,1,2,1,2,1,1,2,2,1,1,2,1,2,2,2,1,1,2,2,2,2,2,2,1,2,1,1,1,1,0,1,2,1,2,2,1,1,2,2,1,1,1,2,2,2,1,1,1,2,2,1,2,1,2,2,1,1,1,1,1,2,1,2,1,2,1,1,2,2,2,1,2,2,1,2,1,1,1,1,2,2,2,1,1,1,1,1,1,2,2,1,2,1,1,1,1,1,1,1,2,1,1,1,1,1,1,1,1,2,1,2,2,1,1,2,0,1,1,2,1,1,1,1,1,1,1,1,1,1,1,1,1,1,1,1,1,1,1,1,1,1,1,1,1,2,1,1,1,1,0,1,1,1,1,1,1,1,1,1,1,1,1,1,2,1,1,1,1,1,1,1,1,1,1,1,1,1,1,2,1,2,2,1,1,1,2,2,1,1,1,1,1,1,1,1,2,1,1,1,1,1,1,2,2,1,1,1,1,1,1,1,1,1,1,1,1,1,1,1,1,1,1,2,1,1,1,2,1,1,2,1,1,1,1,1,2,1,1,1,1,1,1,1,1,1,1,1,2,2,1,1,1,2,1,1,1,2,2,2,2,1,0,2,2,1,2,1,1,1,1,1,1,1,1,2,1,1,1,1,1,1,2,1,1,2,1,1,1,1,1,1,1,1,1,1,2,2,1,1,1,1,2,2,2,1,1,1,1,1,2,1,1,1,1,1,2,1,1,1,1,1,1,1,1,2,1,2,2,1,1,1,1,1,1,1,2,1,1,1,2,1,1,1,1,2,2,1,2,1,1,1,2,1,1,1,1,1,1,1,2,1,1,2,2,1,1,1,1,1,1,1,2,2,2,1,1,1,2,1,1,2,1,1,1,1,2,1,1,2,1,2,2,1,1,1,1,1,1,1,1,1,1,1,1,1,1,2,2,2,1,1,1,2,2,1,1,1,1,1,2,1,1,1,1,1,1,1,2,2,2,2,2,1,1,1,1,1,1,2,1,1,1,1,1,2,2,1,1,1,1,1,1,1,1,2,1,1,1,1,2
TSN,QTsn.2B.1,2,2,2,2,2,2,2,2,2,2,2,2,2,2,2,1,1,2,2,2,2,1,2,2,2,2,2,1,2,2,2,2,2,2,2,2,2,2,2,2,2,2,2,2,2,2,2,0,2,2,2,2,2,2,2,2,2,2,2,2,2,2,2,1,2,2,2,2,2,2,2,2,2,2,2,2,2,2,2,2,2,2,2,2,2,2,2,2,2,2,2,2,2,2,2,2,2,2,2,2,2,2,2,2,2,2,2,2,2,2,2,2,2,2,2,2,2,2,2,2,2,2,2,2,2,2,2,2,2,2,2,2,2,2,2,2,2,2,2,2,2,2,2,2,2,2,2,2,2,2,2,2,2,2,2,2,2,2,2,2,2,2,2,2,2,2,2,2,2,2,2,2,2,2,2,2,2,2,2,2,2,2,2,2,2,2,2,2,2,2,2,2,2,2,2,2,2,2,2,2,2,2,2,2,2,2,2,2,2,2,2,2,2,2,2,2,2,2,2,2,2,2,2,2,1,2,2,2,2,2,2,2,2,2,2,2,2,2,2,2,2,2,2,2,2,2,2,2,2,2,2,2,2,2,2,2,2,2,2,2,2,2,2,2,2,2,2,2,1,2,2,2,2,2,2,2,2,2,2,2,2,2,2,2,2,2,2,2,2,2,2,2,2,2,2,2,1,2,2,2,2,2,2,2,2,2,2,2,2,2,2,2,2,2,2,2,2,2,2,2,2,2,2,2,2,2,2,2,2,2,2,2,2,2,1,2,2,2,1,2,2,2,2,2,2,2,2,2,2,2,2,2,2,2,2,2,2,2,2,2,2,2,2,2,2,2,2,2,2,2,2,2,2,2,2,2,2,2,2,2,2,2,2,2,2,2,2,2,2,2,2,2,2,2,2,2,2,2,2,2,2,2,2,2,2,2,2,1,2,2,2,2,2,2,2,2,2,2,2,2,2,2,2,2,2,2,2,2,2,2,2,2,2,2,2,2,2,2,2,2,2,2,2,2,2,2,2,2,2,2,2,2,2,2,2,2,2,2,2,2,2,2,2,2,2,2,2,2,2,2,2,2,2,2,2,2,2,2,2,2,2,2
TSN,QTsn.4A.1,2,2,2,2,2,0,2,2,2,2,1,1,1,0,2,2,2,2,2,2,2,2,2,2,2,2,2,0,2,1,2,0,2,2,1,1,1,2,1,2,0,1,1,0,2,2,0,1,2,1,2,2,2,1,2,2,2,2,2,1,2,2,1,2,1,0,2,2,2,2,1,2,2,1,2,2,2,2,2,2,2,0,1,2,2,2,2,1,2,2,2,2,2,1,1,2,1,2,2,2,2,2,2,2,2,2,2,2,2,2,2,2,1,2,2,2,2,2,2,2,1,2,2,2,1,2,2,2,2,2,2,2,1,2,2,2,1,0,2,2,2,1,2,2,2,2,2,2,2,2,2,2,2,2,2,2,0,2,2,2,2,2,2,2,2,2,2,2,2,2,2,2,2,2,2,2,2,2,2,2,1,2,2,2,2,2,2,2,0,2,2,2,2,2,2,2,2,2,2,2,0,2,2,1,2,2,2,1,2,1,2,2,2,2,2,2,2,2,2,2,2,2,2,2,2,2,2,2,2,2,2,2,2,1,2,2,2,2,2,2,1,2,2,2,2,2,2,2,1,2,2,1,1,2,2,2,0,2,2,2,2,2,2,2,2,2,2,1,2,1,1,1,1,2,1,2,2,2,2,2,2,1,2,2,2,1,2,2,2,2,2,2,2,2,2,2,1,2,2,2,2,0,2,1,1,2,2,1,1,1,2,2,2,2,2,2,2,2,2,2,2,2,2,2,2,2,2,2,2,2,1,2,2,2,1,2,1,2,2,0,2,2,2,2,2,2,1,2,1,1,2,2,2,2,2,0,2,2,1,2,2,2,2,1,2,2,2,2,2,2,2,2,2,2,0,2,2,2,2,2,2,2,2,2,2,2,2,2,2,2,2,2,2,2,2,2,2,2,2,2,2,1,2,2,2,2,1,2,1,2,2,2,2,2,2,2,2,2,1,2,1,1,1,1,1,1,1,2,2,2,2,2,2,1,2,1,2,2,2,2,2,1,2,2,1,2,1,2,1,1,2,2,2,2,2,1,2,2,2,2,2,0,0,1,1,1,2,2,2,2,2,2,2,2,2,2,1,2,2,2,2,2
TSN,QTsn.4A.2,2,2,1,1,0,0,2,2,2,2,2,2,2,0,2,1,1,1,2,1,1,2,2,2,1,2,2,2,2,2,2,1,2,2,2,1,2,2,2,0,2,2,2,2,1,1,1,2,2,2,2,2,1,2,2,2,0,1,1,2,2,2,2,1,2,2,1,2,1,1,2,2,1,2,1,1,1,1,1,1,2,1,1,1,1,1,1,2,1,0,2,2,1,2,2,1,1,1,1,1,2,2,1,2,1,1,1,1,2,1,0,2,1,1,2,1,1,2,1,1,1,2,1,1,1,1,1,1,2,2,2,2,2,0,2,1,2,1,1,1,1,1,1,1,2,1,2,2,2,2,1,1,1,2,2,2,2,1,2,2,2,1,1,1,1,1,1,1,2,1,2,0,1,1,1,2,1,2,1,1,1,1,1,1,1,1,1,1,1,1,2,1,2,2,1,2,2,1,1,1,2,1,2,2,1,1,2,2,2,1,1,1,2,1,2,1,2,2,1,1,1,1,1,1,1,1,1,1,1,2,2,1,1,0,1,1,2,0,2,1,1,1,1,1,2,2,2,2,2,1,2,2,1,2,2,1,1,2,1,2,2,1,2,2,2,1,1,2,2,1,2,1,1,2,2,2,2,1,2,2,2,2,2,2,2,2,2,2,1,2,2,2,2,2,2,2,2,1,2,2,2,2,2,2,1,2,2,2,1,1,2,2,2,2,2,2,2,2,2,2,1,1,2,2,2,1,2,2,2,1,2,2,2,2,1,2,1,2,2,2,2,2,2,2,1,2,2,2,2,2,2,1,2,2,2,2,2,2,2,2,2,2,2,2,2,2,2,2,2,2,2,1,1,1,2,2,2,1,1,0,2,2,2,0,2,1,1,2,2,2,1,1,1,2,0,0,1,1,2,1,0,1,0,2,2,2,1,2,1,1,0,2,2,1,2,1,1,2,2,2,2,1,1,1,1,1,1,2,2,2,2,2,2,1,2,2,2,2,1,2,2,2,2,2,1,1,1,1,2,1,2,2,2,2,1,2,2,1,2,1,1,2,2,1,1,1,2,2,2,2,2,1,1,2,1,2,2,2,2,2,2,2
TSN,QTsn.7A.1,1,0,0,1,1,1,1,1,1,0,1,1,1,0,1,1,0,1,1,2,2,1,0,1,2,2,1,1,1,1,1,1,0,1,0,1,0,2,1,1,1,1,1,1,1,2,1,0,0,0,1,1,1,2,1,1,1,1,1,0,1,1,1,1,0,0,1,1,1,2,1,1,1,1,1,1,2,2,1,1,1,1,1,1,1,1,0,2,1,1,1,1,1,0,2,1,1,1,1,1,1,1,2,2,1,0,1,1,0,1,1,1,1,1,1,1,1,1,1,1,1,2,1,2,1,1,1,1,1,2,1,1,1,1,1,1,1,0,1,1,1,1,1,1,1,2,2,1,1,1,1,1,2,1,1,1,0,1,2,1,1,1,1,1,1,1,1,1,1,1,1,1,1,1,1,1,1,1,1,1,1,1,1,1,1,2,2,1,0,2,1,2,1,2,1,1,1,1,1,1,1,1,2,1,1,1,1,1,1,1,1,1,1,1,1,1,0,0,1,1,1,1,0,1,1,1,1,1,1,1,1,1,1,1,1,2,0,1,2,1,1,2,1,1,1,1,2,1,2,1,0,1,1,1,2,1,1,1,1,1,1,1,1,1,1,0,1,1,1,1,2,2,2,1,1,0,2,2,1,2,1,1,2,0,2,2,2,2,1,0,2,2,0,2,1,1,1,1,1,1,1,1,2,1,2,0,1,1,2,2,2,0,2,1,0,0,2,2,2,1,1,1,2,1,2,1,1,1,1,2,1,1,1,2,1,2,1,1,2,1,1,1,1,2,2,2,2,2,1,2,2,2,2,2,0,1,1,1,0,2,1,1,2,2,2,2,1,2,2,1,1,2,1,2,1,1,1,1,2,1,1,2,1,1,2,2,1,1,1,1,1,1,1,2,1,1,0,1,1,1,2,0,2,1,1,2,1,2,0,1,2,1,1,1,2,1,1,2,1,0,2,1,1,1,1,1,1,2,2,2,1,1,2,1,1,1,1,2,2,1,2,0,1,0,1,2,1,1,1,1,1,1,1,0,2,1,1,1,2,1,1,1,0,1,2,1,2,1,1,2,2,1,1,1,1,2,1,0,1,1,1,0
SL,QSl.1B.1,2,2,2,2,2,2,2,2,2,2,2,2,2,2,2,2,2,2,2,2,2,2,2,2,2,2,2,2,2,2,2,2,2,2,2,2,2,2,0,2,2,2,2,2,2,2,2,2,2,2,2,2,2,2,2,2,2,2,2,2,2,2,2,2,2,2,2,2,2,1,2,2,2,2,2,2,2,2,2,2,2,2,2,2,2,2,2,2,2,2,2,2,2,2,2,2,2,2,2,2,2,2,2,1,2,2,2,2,2,2,2,2,2,2,2,2,2,2,2,2,2,2,2,2,2,2,2,2,2,1,2,2,2,2,2,2,2,2,2,2,2,2,2,2,2,2,2,2,2,2,2,2,2,2,2,2,2,2,2,2,2,2,2,2,2,2,2,2,2,2,2,2,2,2,2,2,2,2,2,2,2,2,2,2,2,2,2,2,2,2,2,2,2,2,2,2,2,2,2,2,2,2,2,2,2,2,2,2,2,2,2,2,2,2,2,2,2,2,2,2,2,2,2,2,1,2,2,2,2,2,2,2,2,2,2,2,2,2,2,2,2,2,2,2,2,2,2,2,2,2,2,2,2,2,1,2,2,2,2,2,2,2,2,2,2,2,2,2,2,2,2,2,2,2,2,2,2,2,2,2,2,2,2,2,2,2,2,2,2,2,2,2,2,2,2,2,2,2,2,2,2,2,2,2,2,2,2,2,2,2,2,2,2,2,2,1,2,2,2,2,2,2,2,2,2,2,2,2,2,2,2,2,2,2,2,2,2,2,2,2,2,1,2,1,2,2,2,2,2,2,2,2,2,2,2,2,2,2,2,2,2,2,2,2,2,2,2,2,2,2,1,2,2,2,2,2,2,2,2,2,2,2,2,1,2,2,2,2,2,2,2,2,2,2,2,1,2,2,2,2,2,2,2,2,2,2,2,2,2,2,2,2,2,2,2,2,2,2,2,2,2,2,2,2,2,2,2,2,2,2,2,2,2,2,2,2,2,2,2,2,2,2,2,2,2,2,2,2,2,2,2,2,2,2,2,2,2,2,2,2,2,2,2,2,2,2,2,2,2,2,2,2,2,2,2,2,2,2,2,2,2,2
SL,QSl.2A.1,1,2,2,2,2,1,0,1,2,1,2,2,2,2,2,2,2,2,2,1,2,2,2,2,1,1,2,2,2,2,1,2,1,2,2,2,2,2,2,2,2,2,2,2,2,1,1,1,2,0,2,2,1,2,2,2,1,2,2,2,2,2,2,2,2,2,2,2,2,2,2,2,2,2,2,2,2,2,2,2,2,2,2,2,2,2,2,2,2,1,1,1,2,1,1,2,2,2,2,2,2,1,0,1,2,2,2,2,1,2,1,2,2,2,2,2,2,2,2,2,2,2,2,2,2,2,2,2,2,1,2,2,2,1,2,2,2,0,2,2,2,2,1,2,2,2,2,2,2,2,2,2,2,2,2,2,1,2,2,2,2,2,2,2,2,2,2,2,2,2,2,2,2,2,2,2,2,2,2,2,2,2,2,2,2,1,2,2,1,2,2,2,1,1,2,2,2,2,2,2,2,2,1,2,2,2,2,2,2,2,2,2,2,2,2,1,2,2,2,2,1,1,2,2,1,2,2,2,0,1,2,2,2,2,2,2,2,2,2,2,2,2,2,2,2,1,2,2,1,2,1,2,0,2,1,2,2,1,2,2,2,2,2,2,2,2,1,2,2,1,1,2,2,2,2,1,1,1,1,1,2,2,1,1,1,1,1,1,2,1,2,1,1,1,2,2,1,1,2,2,1,1,1,2,1,1,0,1,2,2,2,2,1,1,1,1,1,2,2,2,2,2,1,2,1,2,1,1,2,2,1,2,1,1,1,1,1,2,2,2,2,1,2,1,1,2,2,1,2,2,2,1,2,2,2,1,2,1,2,2,2,2,1,2,2,2,2,1,2,2,2,2,2,1,2,2,2,2,2,2,1,2,2,2,2,2,1,2,2,1,1,2,1,1,0,1,1,1,2,1,1,2,1,2,2,2,2,1,2,2,0,1,1,1,2,2,2,2,1,1,2,1,1,1,1,1,1,2,2,2,2,1,1,2,1,1,2,1,1,2,1,2,2,2,1,1,1,2,2,1,1,1,1,2,1,1,2,2,2,2,1,1,1,1,1,1,1,2,2,2,2,1,2,1,2,1,2,2,2,2,2,2
SL,QSl.2B.1,2,2,2,2,2,2,2,2,2,2,2,2,2,2,2,2,2,2,2,2,2,2,2,2,2,2,2,2,2,2,2,2,2,2,2,2,2,2,2,2,2,2,2,2,1,2,2,2,2,2,2,2,2,2,2,2,2,2,2,2,2,2,2,2,2,2,2,2,2,2,2,2,2,2,2,2,2,2,2,2,2,2,2,2,2,2,2,2,2,2,2,2,2,2,2,2,2,2,2,2,2,2,2,2,2,2,2,2,2,2,2,0,2,2,2,2,2,2,2,2,2,2,2,2,2,2,2,2,2,2,2,2,2,2,2,2,2,2,2,2,2,2,2,2,2,2,2,2,2,2,2,2,2,2,2,2,2,2,2,2,2,2,2,2,2,2,2,2,2,2,2,2,2,2,2,2,2,2,2,2,2,2,2,2,2,2,2,2,2,2,2,2,2,2,2,2,2,2,2,2,2,2,2,2,2,2,2,2,2,2,2,2,2,2,2,2,2,2,2,2,2,2,2,2,2,2,2,2,2,2,2,2,2,2,2,2,2,2,2,2,2,2,2,2,2,2,2,2,2,2,2,2,2,2,2,2,2,2,2,2,2,2,2,2,2,2,2,2,2,2,2,2,2,2,2,2,2,2,2,2,1,2,2,2,2,2,2,2,2,2,2,2,2,2,2,2,2,2,0,2,2,2,2,2,2,2,2,2,2,2,2,2,2,2,2,2,2,2,2,2,2,2,2,2,2,2,2,2,2,2,2,2,2,2,2,2,2,2,2,2,2,2,2,2,2,2,2,2,2,2,2,2,2,2,2,2,2,2,2,2,2,2,1,2,2,2,2,2,2,2,2,2,2,2,2,2,2,2,2,0,2,2,2,2,2,2,2,2,2,2,2,2,2,2,1,2,1,1,2,2,1,2,1,2,2,2,2,2,2,1,1,2,2,2,2,2,2,2,2,2,2,1,1,1,2,2,2,2,2,2,2,2,2,1,2,2,2,2,2,2,2,2,2,2,1,2,1,2,2,2,2,2,2,2,2,2,2,2,2,2,2,2,1,1,2,1,2,2,1,2,2,2,1,2,2,2,2,2,2,2,2,2
SL,QSl.2D.1,1,2,2,2,2,1,0,1,2,1,2,2,2,2,2,2,2,2,2,2,2,2,2,2,1,2,2,2,2,2,1,2,1,2,2,2,2,2,2,2,2,2,2,2,2,1,1,1,2,0,2,2,1,2,2,2,1,2,2,2,2,2,2,2,2,2,2,2,2,2,2,2,2,2,2,2,2,2,2,2,2,2,2,2,2,2,2,2,2,1,0,1,2,1,1,2,2,2,2,2,2,1,1,1,2,2,2,2,1,2,1,2,2,2,2,2,2,2,2,2,2,2,2,2,2,2,2,2,2,1,2,2,2,1,2,2,2,2,2,2,2,2,1,2,2,2,2,2,2,2,2,2,2,0,2,2,1,2,2,2,2,2,2,2,2,2,2,2,2,2,2,2,2,0,2,2,0,0,2,2,2,2,2,2,2,1,2,2,1,2,2,2,1,1,2,2,2,2,2,2,2,2,1,2,2,2,2,2,2,0,2,2,2,2,0,1,2,2,2,2,1,1,0,0,1,2,0,2,0,1,2,2,2,2,2,0,2,2,2,2,2,2,0,2,2,1,2,2,1,2,0,2,1,2,1,2,2,1,2,2,2,2,2,2,2,2,1,2,2,1,1,2,2,2,2,1,1,1,1,1,2,2,1,1,1,1,1,1,2,1,2,1,1,1,2,2,1,1,2,2,1,1,1,2,1,1,0,1,2,2,2,2,1,1,1,1,1,2,2,0,2,2,1,2,1,2,1,1,2,2,1,2,1,1,1,1,1,2,2,2,2,1,2,1,1,2,2,1,2,2,2,1,2,2,2,1,2,1,2,2,2,2,1,2,2,2,2,1,2,2,2,2,2,1,2,2,2,2,2,2,1,2,2,2,2,2,1,2,2,1,1,2,1,1,1,1,1,1,2,1,1,2,1,2,0,2,2,1,1,2,1,1,1,1,2,2,2,2,1,1,2,1,1,1,1,1,1,2,2,2,2,1,1,2,1,1,2,1,1,2,1,2,2,2,1,1,1,2,2,1,1,1,1,0,1,1,2,2,2,2,1,1,1,1,1,1,1,2,2,2,2,1,2,1,2,1,2,2,2,2,2,2
SL,QSl.4A.1,1,2,2,0,0,0,1,2,0,1,2,0,2,0,2,1,0,2,0,1,1,1,0,2,1,2,2,1,1,2,1,1,2,1,2,0,2,2,1,0,0,2,2,1,2,2,2,0,2,2,2,2,2,2,1,2,1,2,1,2,2,2,2,1,2,2,2,2,1,1,2,2,1,0,2,2,2,2,2,2,2,2,0,2,2,1,2,2,2,1,2,0,2,2,2,2,1,2,1,1,2,1,1,2,2,2,2,2,1,0,1,2,1,2,2,2,2,1,1,2,1,2,1,0,2,2,0,0,2,2,2,2,2,1,2,1,2,2,1,0,2,2,2,2,2,0,1,1,0,1,2,1,1,0,1,1,1,2,1,2,2,0,1,1,2,2,2,1,0,1,1,0,1,2,1,2,2,1,2,2,1,2,2,2,1,2,2,2,1,1,2,2,2,2,2,1,0,2,1,1,2,1,2,2,1,0,1,1,0,0,1,2,1,2,1,1,2,1,1,0,2,1,0,2,1,2,0,2,1,1,2,2,2,1,1,1,1,1,1,1,1,1,0,0,2,1,1,0,2,1,2,2,1,2,2,1,1,0,0,0,2,1,2,2,2,2,0,2,1,1,2,0,1,2,1,0,2,1,2,1,2,1,2,1,2,2,1,2,2,1,2,1,2,2,0,1,1,0,1,2,2,2,2,2,2,1,1,2,2,2,2,1,1,1,1,2,1,2,2,1,1,2,2,2,2,0,1,2,2,2,2,2,2,2,1,1,1,2,2,2,2,2,1,2,1,2,2,1,2,2,2,1,2,1,1,1,2,2,2,2,2,2,1,2,2,2,2,2,2,0,2,0,0,1,2,1,2,0,1,0,1,2,2,1,2,2,2,1,1,2,1,2,2,2,1,1,1,1,2,1,1,2,1,1,1,2,2,2,1,1,1,1,1,0,2,1,2,2,2,1,2,1,1,1,1,1,1,2,2,2,1,1,1,1,1,2,2,2,1,1,2,2,2,2,1,1,2,1,1,2,2,2,2,1,1,2,2,1,2,2,1,2,2,0,1,1,2,2,1,1,2,1,1,2,2,1,2,1,1,2,2,0
SL,QSl.6A.1,1,2,2,2,2,2,1,2,1,2,1,1,2,2,2,2,2,2,1,2,2,1,1,2,2,1,1,1,2,2,1,2,2,2,2,2,2,2,0,1,1,2,2,2,2,1,2,1,1,2,1,0,2,2,1,2,2,1,2,1,1,1,2,2,1,2,1,1,2,2,2,2,2,2,1,1,1,2,1,1,2,1,2,2,2,2,0,2,2,2,0,2,1,2,2,2,1,2,1,2,2,2,2,2,2,2,1,1,2,1,2,1,1,2,2,1,2,1,2,1,1,2,2,2,1,1,1,1,2,2,2,1,2,2,1,1,2,1,1,1,2,2,1,1,2,2,2,2,2,1,1,2,2,1,2,2,2,1,2,1,2,2,2,1,2,1,2,2,2,1,2,2,2,1,1,1,2,2,1,1,1,2,2,0,2,2,2,1,1,2,2,2,2,2,2,1,1,1,2,0,2,2,2,2,1,1,1,1,1,1,2,2,2,1,1,1,2,2,2,2,1,1,1,1,2,1,0,1,0,1,2,2,2,1,1,1,2,2,1,2,1,2,2,2,2,2,1,1,2,1,0,1,1,1,2,2,2,2,2,2,1,2,1,1,1,2,1,1,1,1,2,1,1,1,1,2,2,1,2,1,1,1,2,2,2,2,2,2,2,1,1,2,2,2,2,1,1,2,1,2,2,2,2,1,2,1,1,2,2,2,2,1,1,2,1,1,1,1,1,2,1,2,2,1,2,1,1,2,2,2,2,1,2,2,2,1,2,2,2,2,2,2,0,2,2,1,2,2,1,1,1,0,2,2,2,2,2,2,2,2,2,2,1,0,2,2,2,1,1,2,1,2,2,1,2,2,2,2,2,1,2,1,2,1,1,1,2,2,2,2,1,1,2,2,2,1,1,1,2,1,1,1,1,1,1,1,1,1,1,2,TT,2,1,2,1,2,1,2,2,0,1,2,2,2,2,2,2,2,1,1,1,1,2,1,1,1,2,2,2,2,1,0,1,1,2,2,2,1,2,1,1,1,1,0,2,2,1,1,2,1,1,1,2,2,1,2,2,2,1,2,2,2,1,1,1,2,1,0,2,1,1,1
SL,QSl.7B.1,2,2,2,2,2,2,2,2,2,2,2,2,1,2,2,2,2,2,2,2,2,2,2,2,2,0,2,2,2,0,1,2,2,2,2,2,2,2,2,2,2,2,0,2,2,2,0,0,2,0,2,2,2,1,1,2,2,2,1,2,0,2,2,2,2,2,2,2,2,1,2,2,2,2,2,2,2,2,1,1,1,0,2,2,2,2,2,2,2,2,2,2,2,0,2,2,2,2,2,2,2,2,2,1,2,2,2,2,2,2,2,2,2,2,2,2,2,2,2,2,1,2,2,2,1,0,2,2,2,2,2,2,2,2,2,2,2,1,2,2,2,2,1,2,2,2,2,2,2,2,2,2,2,2,2,2,2,2,2,2,2,2,1,2,2,2,2,2,2,2,2,2,2,2,2,2,2,2,2,2,2,2,2,2,2,2,2,2,2,2,2,2,2,1,2,2,2,2,2,2,2,0,1,2,2,0,2,2,2,2,1,2,2,2,2,2,2,2,2,2,2,2,2,2,2,2,1,1,2,2,2,2,2,1,1,2,0,2,2,2,2,2,0,2,2,2,1,2,1,2,1,2,2,2,2,2,0,0,2,1,2,2,2,2,2,2,2,2,2,2,1,1,1,2,2,1,2,2,2,1,2,2,1,2,2,0,1,2,2,2,2,1,1,1,2,2,2,2,2,2,2,2,1,2,1,2,2,2,1,1,2,2,2,2,2,2,1,2,2,2,2,2,2,1,2,2,1,2,2,2,2,2,2,1,2,1,1,2,2,2,2,2,2,2,2,1,2,1,1,2,1,1,2,2,2,1,2,1,2,2,2,2,1,2,2,2,2,2,2,2,2,2,2,1,1,2,2,2,2,2,1,2,2,2,2,2,2,2,2,2,2,2,1,2,2,1,1,1,2,2,2,1,2,2,1,2,1,1,1,2,1,2,0,2,2,2,2,2,1,1,1,1,2,2,2,1,1,2,2,2,2,2,2,1,2,2,2,2,2,2,1,2,2,2,1,2,1,2,2,2,2,2,2,1,2,2,2,2,2,2,2,2,2,1,1,2,1,2,2,2,2,2,1,2,2,1,1,2,2,2,2,2
TSN,QTsn.7B.1,1,1,1,2,2,2,1,2,1,1,1,1,2,2,2,1,2,2,1,1,1,1,1,2,1,2,1,1,2,2,1,1,2,1,2,2,2,1,1,2,2,2,2,2,2,1,2,1,1,1,1,0,1,2,1,2,2,1,1,2,2,1,1,1,2,2,2,1,1,1,2,2,1,2,1,2,2,1,1,1,1,1,2,1,2,1,2,1,1,2,2,2,1,2,2,1,2,1,1,1,1,2,2,2,1,1,1,1,1,1,2,2,1,2,1,1,1,1,1,1,1,2,1,1,1,1,1,1,1,1,2,1,2,2,1,1,2,0,1,1,2,1,1,1,1,1,1,1,1,1,1,1,1,1,1,1,1,1,1,1,1,1,1,1,1,1,2,1,1,1,1,0,1,1,1,1,1,1,1,1,1,1,1,1,1,2,1,1,1,1,1,1,1,1,1,1,1,1,1,1,2,1,2,2,1,1,1,2,2,1,1,1,1,1,1,1,1,2,1,1,1,1,1,1,2,2,1,1,1,1,1,1,1,1,1,1,1,1,1,1,1,1,1,1,2,1,1,1,2,1,1,2,1,1,1,1,1,2,1,1,1,1,1,1,1,1,1,1,1,2,2,1,1,1,2,1,1,1,2,2,2,2,1,0,2,2,1,2,1,1,1,1,1,1,1,1,2,1,1,1,1,1,1,2,1,1,2,1,1,1,1,1,1,1,1,1,1,2,2,1,1,1,1,2,2,2,1,1,1,1,1,2,1,1,1,1,1,2,1,1,1,1,1,1,1,1,2,1,2,2,1,1,1,1,1,1,1,2,1,1,1,2,1,1,1,1,2,2,1,2,1,1,1,2,1,1,1,1,1,1,1,2,1,1,2,2,1,1,1,1,1,1,1,2,2,2,1,1,1,2,1,1,2,1,1,1,1,2,1,1,2,1,2,2,1,1,1,1,1,1,1,1,1,1,1,1,1,1,2,2,2,1,1,1,2,2,1,1,1,1,1,2,1,1,1,1,1,1,1,2,2,2,2,2,1,1,1,1,1,1,2,1,1,1,1,1,2,2,1,1,1,1,1,1,1,1,2,1,1,1,1,2
TGW,QTgw.1B.1,2,2,1,1,2,2,2,2,1,2,2,2,2,2,1,2,2,2,1,2,2,1,2,2,2,2,2,2,2,1,2,1,2,2,1,1,1,1,1,2,0,1,0,2,2,2,2,2,2,1,2,2,2,1,1,1,2,2,2,1,2,2,2,2,1,2,2,2,1,2,2,2,1,1,1,1,1,2,1,1,1,0,1,2,1,2,2,1,1,2,0,2,1,1,1,2,1,1,1,1,2,2,1,2,1,1,1,1,2,2,2,1,1,2,1,1,1,1,1,1,2,2,1,1,2,2,1,1,1,2,1,1,1,2,1,1,1,1,2,1,2,2,2,1,1,2,2,2,2,2,1,2,2,2,0,2,2,2,2,1,1,1,1,1,2,1,1,2,1,1,1,1,1,1,0,0,1,2,1,1,1,2,1,1,1,0,1,1,2,1,1,1,2,2,1,1,1,1,1,1,2,0,1,1,2,1,1,1,1,1,1,1,2,1,2,2,0,1,1,1,2,2,1,1,2,1,1,1,0,2,1,1,1,1,2,2,2,2,2,2,2,2,2,2,1,2,1,2,1,2,2,1,1,2,2,2,2,2,2,2,1,1,1,1,1,1,1,1,1,2,1,1,1,1,1,2,1,2,2,1,1,1,1,1,1,1,1,1,1,2,2,1,1,1,2,1,1,2,1,2,2,2,2,1,2,2,2,2,2,2,2,1,2,2,2,2,2,1,1,2,2,1,1,2,2,1,2,2,2,2,2,1,2,2,1,2,1,2,2,2,2,2,1,2,2,2,1,2,2,1,2,2,2,1,2,1,2,2,1,1,2,2,2,2,1,2,2,1,2,1,2,1,1,1,1,1,2,2,2,1,1,1,1,2,1,1,2,2,2,2,2,1,1,1,2,2,1,1,1,2,2,1,1,2,2,2,1,1,1,2,1,1,1,1,1,1,1,1,1,2,1,1,1,1,1,1,1,1,1,2,1,2,2,2,2,2,2,1,2,2,2,2,2,2,1,2,1,2,1,2,1,1,1,1,2,1,2,2,1,2,1,1,1,1,1,1,1,1,1,1,1,2,2,2,1,1,1,1,1,1,1,1
TGW,QTgw.1B.2,1,1,1,1,1,1,0,1,1,1,1,1,2,1,1,1,1,1,1,1,1,1,2,1,1,1,1,1,1,1,1,1,1,1,1,1,1,1,1,2,0,1,1,1,1,1,1,1,1,2,1,1,1,1,1,1,1,1,1,1,1,1,1,1,1,1,1,2,1,1,1,1,1,1,1,1,1,1,1,1,1,1,1,1,1,1,1,1,1,1,1,1,1,1,1,1,1,1,1,1,1,1,1,1,2,1,1,1,1,1,1,1,1,1,1,1,1,1,1,1,1,1,1,1,1,1,1,1,1,1,1,1,1,1,1,1,1,1,1,1,1,1,1,1,1,1,1,1,1,1,1,1,1,1,1,1,1,1,1,1,1,1,1,1,1,1,1,1,1,1,1,1,1,1,1,1,1,1,1,1,1,1,1,1,1,1,1,1,1,1,1,1,1,1,1,1,1,1,1,1,1,1,1,1,1,1,1,1,1,1,1,1,1,1,2,1,1,1,1,1,1,1,1,1,2,1,1,1,1,1,1,1,1,1,1,1,0,0,1,2,2,1,2,1,1,1,1,1,1,2,1,1,2,2,1,1,0,2,2,1,1,1,1,1,1,1,1,1,1,1,1,2,2,1,1,1,1,1,1,1,1,1,2,1,1,1,2,1,1,1,1,2,1,1,1,1,1,1,1,1,1,1,1,1,1,1,1,1,1,1,1,1,1,1,1,1,1,1,1,1,1,1,1,1,1,1,1,2,1,2,1,1,1,1,1,1,1,1,1,1,1,1,1,1,1,1,1,1,1,1,1,1,1,1,1,1,1,1,1,1,1,1,1,1,1,1,1,2,1,1,1,1,1,2,1,1,1,1,1,1,1,1,1,2,1,1,1,1,1,1,2,1,1,1,1,1,2,2,1,1,1,1,1,2,1,1,1,2,2,1,1,2,1,1,1,2,1,1,1,1,1,1,1,1,1,1,1,1,1,1,2,1,1,1,2,1,1,2,1,1,1,1,1,1,1,1,1,2,1,2,1,1,1,1,1,1,1,2,1,1,1,1,1,1,1,1,1,1,1,1,1,1,1,1,1,2,1,1,1,1,1,1
TGW,QTgw.2B.1,1,1,1,1,1,1,1,1,1,1,1,1,1,1,1,1,1,1,1,1,1,1,1,1,1,1,1,1,1,1,1,1,1,1,1,1,1,1,1,1,0,1,1,1,1,1,1,1,1,0,1,1,1,1,1,1,1,1,1,1,1,1,1,1,1,1,1,1,1,1,1,1,1,1,1,1,1,1,1,1,1,0,1,1,1,1,1,1,1,1,0,1,2,1,1,0,1,1,1,1,1,1,1,1,1,1,1,1,1,1,1,1,1,1,1,1,1,1,2,1,1,1,2,1,1,1,1,1,1,1,1,2,1,1,1,1,1,0,1,1,1,1,1,1,1,1,1,0,1,1,1,1,1,1,1,1,1,1,1,1,2,2,2,2,1,1,1,1,1,2,1,1,1,1,2,1,1,1,1,1,0,1,1,1,1,0,1,1,1,1,1,1,1,1,1,1,1,1,1,1,1,1,1,1,1,1,1,1,1,1,1,1,1,1,1,1,1,1,1,1,1,1,1,1,1,2,1,1,1,1,1,1,1,1,1,1,1,0,1,1,1,1,2,1,1,1,1,1,1,2,0,1,1,2,1,1,1,1,1,1,2,1,2,2,2,1,1,2,2,1,1,1,1,2,1,1,1,1,1,1,1,1,1,1,1,1,1,1,1,1,1,1,1,1,1,2,2,1,1,1,1,1,1,1,1,1,1,1,1,1,1,1,1,1,1,1,1,1,1,1,1,1,1,1,1,1,1,1,1,1,1,1,1,1,1,1,1,1,1,1,1,1,1,1,1,1,1,1,1,1,1,1,1,1,1,0,1,1,1,1,1,1,1,1,1,1,1,1,1,1,1,1,1,2,1,1,1,2,1,1,1,1,2,1,1,1,1,1,1,1,1,1,2,1,1,1,2,2,1,1,1,1,1,1,1,1,1,2,2,1,1,1,2,1,1,1,1,1,1,1,2,1,1,1,1,1,1,1,1,1,1,1,1,1,1,1,2,1,1,1,1,1,1,1,1,1,1,1,0,1,1,1,1,1,1,1,1,1,1,1,2,1,1,1,2,1,1,2,1,1,1,1,1,1,0,1,1,0,1,2,2,1
TGW,QTgw.3A.1,2,2,2,2,2,2,2,2,2,2,2,2,2,2,2,2,2,1,2,2,2,1,2,2,2,2,2,1,2,2,1,2,2,2,2,2,2,2,2,2,2,2,2,2,2,2,2,2,2,2,2,2,2,2,1,2,2,2,2,2,2,2,2,2,2,2,2,2,2,1,2,2,2,2,2,2,2,2,2,2,2,2,2,2,2,2,2,2,2,2,2,2,2,1,1,2,1,2,1,2,2,2,2,2,2,2,2,2,1,2,2,2,0,2,2,2,2,2,2,1,1,2,2,2,2,2,2,2,2,2,2,2,2,1,1,1,2,1,2,2,2,1,2,1,1,2,2,2,2,2,2,2,2,2,2,2,2,2,2,2,2,1,1,1,2,2,2,2,2,1,1,2,2,2,1,2,2,2,1,1,2,2,2,2,2,2,0,2,2,1,1,2,2,2,2,1,2,2,2,2,2,2,2,2,2,0,1,1,2,2,2,2,2,2,1,2,2,2,2,2,2,2,2,2,2,1,2,2,2,2,2,2,2,2,2,2,2,2,2,0,2,1,2,1,2,2,1,2,1,1,2,2,2,2,2,1,1,1,1,2,2,2,2,2,2,2,1,2,2,1,1,1,1,2,1,2,2,1,2,1,1,1,2,2,2,1,1,2,2,2,2,1,2,2,2,2,2,2,2,2,2,2,2,2,2,2,2,2,2,2,2,2,2,2,2,2,2,2,2,2,2,2,2,2,2,2,2,2,2,2,2,2,2,2,2,2,2,1,1,2,2,2,2,2,2,2,2,2,2,2,2,1,2,1,2,2,2,1,2,2,2,1,2,2,2,2,1,2,2,0,2,2,2,2,2,2,2,2,2,2,2,2,2,2,2,2,2,2,2,2,2,2,2,2,2,2,2,2,2,2,2,2,2,2,2,2,2,1,2,2,2,2,2,2,2,2,2,2,2,2,2,2,2,2,2,2,2,2,2,2,2,0,2,2,2,2,2,2,2,1,2,1,2,2,2,2,2,1,1,2,2,2,2,2,2,2,2,0,2,2,1,2,2,2,2,2,2,0,2,2,2,2,2,2,2,1,2,2,2,2,2,2
TGW,QTgw.3A.2,1,2,1,1,1,1,1,1,1,1,1,2,1,1,1,1,2,1,1,2,1,1,2,1,1,1,1,1,1,1,1,1,1,1,1,1,1,1,2,1,2,1,1,1,1,1,1,2,1,1,1,1,1,1,1,1,1,1,1,1,1,1,1,1,1,1,1,1,1,1,1,1,1,1,1,1,1,1,1,1,1,1,1,2,1,1,1,1,1,2,1,1,1,2,1,1,1,1,1,1,2,1,1,1,1,1,1,1,1,1,1,1,1,1,1,1,1,1,1,1,1,1,1,1,1,1,1,1,1,1,1,1,1,1,1,1,1,2,1,1,1,1,1,1,1,1,1,1,1,1,1,1,1,1,1,1,1,1,1,1,1,1,1,1,1,1,1,1,1,1,1,1,1,1,1,1,1,1,1,1,1,1,1,1,1,1,1,1,1,1,1,1,1,1,1,1,1,1,1,1,1,1,1,1,1,1,1,2,2,1,1,1,1,1,1,1,2,1,1,1,1,1,1,1,2,1,1,1,2,2,1,1,1,1,1,1,2,1,1,1,1,1,2,1,1,1,1,1,1,1,2,1,2,1,1,1,1,1,1,1,1,1,1,1,1,1,2,1,1,1,1,1,1,2,2,2,1,1,1,1,1,2,1,2,1,1,1,1,1,1,1,1,1,1,1,1,1,1,1,1,1,2,1,1,1,1,2,1,1,1,1,1,1,1,2,2,1,2,2,1,1,1,1,1,1,1,1,1,2,1,1,1,2,1,1,2,1,1,1,2,1,1,2,1,1,1,1,2,1,2,2,2,1,1,1,1,2,1,2,1,2,1,2,1,1,1,2,1,1,2,1,2,2,1,2,1,2,1,1,2,1,2,1,2,1,2,1,2,1,2,1,1,1,1,1,1,1,1,2,1,1,1,1,2,1,1,1,1,1,1,1,1,2,1,1,1,1,1,1,2,1,1,2,2,1,1,1,1,1,1,1,1,1,1,1,2,2,2,1,1,1,1,1,1,1,2,1,1,1,1,1,1,1,1,2,2,1,1,1,2,1,1,1,1,1,1,1,2,1,1,1,1,1,1,2,1,2,2,1,1,1,1
TGW,QTgw.3B.1,2,2,2,2,1,1,1,1,1,2,1,1,1,2,2,2,2,1,1,2,2,1,2,2,1,2,2,1,2,2,1,1,1,1,2,2,2,2,2,1,1,2,2,1,1,2,2,1,2,0,2,1,1,1,1,1,1,1,2,2,2,2,2,2,2,2,2,2,2,2,1,1,1,2,2,1,1,2,2,2,1,1,2,1,2,1,1,1,1,1,1,1,1,2,2,1,2,1,2,1,2,1,1,1,2,1,1,2,1,1,1,1,1,1,2,1,2,1,2,1,1,1,1,1,1,1,1,1,1,2,1,1,2,1,1,1,2,1,1,1,1,1,2,1,1,1,1,1,1,1,1,1,1,1,1,1,2,1,1,1,2,2,1,2,1,1,1,1,1,2,2,1,2,1,1,1,1,1,1,1,2,1,1,1,1,2,1,1,2,2,1,1,2,1,1,1,1,1,2,2,1,1,1,2,1,2,2,2,1,2,2,1,1,1,1,2,1,1,2,2,2,2,1,1,1,2,1,2,2,2,1,2,2,1,2,1,1,1,1,1,1,1,1,2,2,2,1,2,1,1,2,2,1,1,2,1,1,2,1,1,1,1,1,1,1,2,1,1,2,2,1,1,1,2,2,1,2,1,1,2,2,2,1,1,1,1,1,1,1,2,2,1,1,1,2,1,2,1,1,1,1,1,2,2,1,0,1,1,1,1,2,1,1,1,1,1,1,1,1,1,1,1,2,1,1,1,1,1,1,1,1,1,1,2,1,1,2,1,1,0,2,2,1,2,2,1,1,1,1,1,1,2,1,1,1,2,1,2,1,1,1,1,1,1,1,1,1,1,1,2,2,1,1,1,1,1,1,1,2,2,2,1,2,1,1,2,1,1,1,2,1,2,1,1,1,1,1,1,2,1,1,1,1,2,1,1,1,1,2,1,1,1,1,1,2,1,1,1,2,2,1,2,2,2,2,2,2,1,1,2,2,1,1,2,1,1,1,2,2,1,2,0,2,2,2,2,2,2,1,1,1,1,1,1,2,2,2,2,1,1,1,2,2,2,2,2,1,1,1,1,1,1,2,1,2,1,1,0,1,1,1,1
TGW,QTgw.3B.2,1,1,1,1,1,1,1,1,1,1,1,1,1,1,1,1,1,1,1,1,1,1,1,1,1,1,1,1,1,1,1,1,1,1,1,1,1,1,1,2,2,1,1,0,1,1,1,1,1,1,1,1,1,1,1,1,1,1,1,1,1,1,1,1,1,1,1,1,1,1,1,1,1,1,1,1,1,1,1,1,1,1,1,1,1,1,1,1,1,1,1,1,1,1,1,1,1,1,1,1,1,2,1,1,1,1,1,1,2,1,1,1,1,1,1,1,1,1,1,1,1,1,1,1,1,1,1,1,1,1,1,1,1,1,1,1,1,1,1,1,1,1,1,1,1,1,1,1,1,1,1,1,1,1,1,1,1,1,1,1,1,1,1,1,1,1,1,1,1,1,1,1,1,1,1,1,1,1,1,1,0,1,1,1,1,1,1,1,1,1,1,1,1,1,1,1,1,1,1,1,1,1,1,1,1,1,1,1,1,1,2,1,1,1,1,1,1,1,1,1,1,1,1,1,1,1,1,1,1,1,1,1,1,1,1,1,1,1,1,1,1,1,1,1,1,1,1,1,1,1,1,1,1,1,1,1,1,1,1,1,1,1,1,1,1,1,1,1,2,1,1,1,1,1,1,1,1,2,1,1,1,1,1,1,1,1,1,1,1,1,1,1,1,1,1,1,1,1,1,1,2,2,1,1,1,1,1,1,1,1,1,1,1,1,1,1,1,1,1,1,1,1,1,1,1,1,1,1,1,1,1,1,2,1,1,1,1,1,1,1,1,1,1,1,1,1,1,1,1,1,1,1,1,1,1,1,1,1,1,1,1,1,1,1,1,1,1,1,1,1,2,1,1,1,1,1,1,1,1,1,1,1,1,1,1,1,1,1,1,1,1,1,1,2,2,2,2,2,1,1,2,1,1,1,2,1,1,1,1,1,1,1,0,2,1,1,1,1,1,1,1,2,1,1,1,1,1,1,1,1,1,1,1,1,1,1,1,1,1,1,1,1,1,1,2,1,1,2,1,2,1,1,1,2,1,1,1,2,1,1,1,1,1,2,1,1,1,1,1,1,1,1,1,1,1,1,1,1,1,1,1,1
TGW,QTgw.5A.1,1,1,1,1,1,1,2,2,1,1,1,1,1,1,1,2,0,2,1,2,2,2,1,1,1,1,1,1,2,1,1,1,1,1,1,1,1,1,0,1,1,1,1,0,1,1,1,0,1,1,1,1,1,1,1,1,1,2,1,1,1,1,1,2,1,1,1,1,1,1,1,1,1,1,1,1,1,1,1,1,1,1,1,1,1,1,1,1,1,1,2,1,1,1,1,1,1,1,1,1,1,1,1,1,1,1,1,1,0,1,1,1,1,1,1,1,1,1,1,1,1,1,1,1,1,1,1,1,1,1,1,2,1,1,1,1,1,0,1,1,1,1,1,1,1,1,1,1,1,1,1,1,1,1,1,1,1,1,1,2,2,1,1,1,1,1,1,1,1,1,1,1,1,1,1,1,1,1,1,1,0,2,1,1,1,1,1,1,1,1,1,1,1,1,1,1,1,1,1,1,1,1,1,1,1,1,1,2,1,1,1,1,1,1,1,1,1,1,1,1,1,1,1,1,2,1,1,1,1,1,1,1,1,1,1,1,1,1,1,1,1,1,0,2,1,1,1,1,1,1,0,1,2,2,1,1,1,1,1,2,2,1,2,2,2,1,1,2,2,1,1,1,1,2,2,2,1,1,1,1,1,2,1,1,1,1,1,1,1,1,1,1,1,1,1,1,1,0,1,2,1,2,1,1,2,2,2,2,1,1,1,1,1,1,1,1,1,1,1,1,1,1,1,1,1,1,1,1,2,1,2,2,1,0,1,1,1,1,1,1,1,1,1,1,2,1,1,1,1,1,1,1,1,1,1,2,1,2,1,1,1,1,1,1,1,1,1,1,1,1,1,1,1,2,1,1,1,1,1,0,2,1,1,0,1,2,1,1,1,2,1,1,2,2,1,2,1,1,2,2,1,1,1,2,1,1,1,2,2,1,1,1,0,1,1,1,1,1,1,1,1,1,2,2,2,2,2,1,1,1,1,1,1,1,1,1,1,1,1,1,1,1,1,1,1,1,1,1,1,1,1,1,1,1,1,1,1,1,1,1,2,1,2,2,1,2,1,2,1,1,1,1,1,1,2,1,2,0,2,2,2,1
TGW,QTgw.5B.1,1,1,1,1,1,1,0,1,2,1,2,2,1,1,1,2,1,2,2,1,1,1,1,1,2,1,1,2,2,2,2,1,1,1,2,2,1,2,2,1,1,1,2,1,1,2,2,1,1,0,1,1,1,2,1,1,1,2,1,1,1,1,2,2,1,1,1,2,1,1,1,2,1,2,1,1,2,2,1,1,2,2,1,2,1,1,1,1,1,1,1,1,2,2,2,1,1,1,2,1,1,1,2,2,2,1,2,1,2,1,1,2,2,1,1,2,1,2,1,1,1,1,2,2,1,2,1,1,1,2,1,0,2,2,1,2,0,1,1,1,1,2,1,1,2,2,2,1,1,1,2,1,1,2,1,2,1,2,2,1,1,1,2,1,1,1,2,1,1,1,1,1,1,1,1,1,1,1,1,1,1,1,1,2,1,2,1,1,2,1,1,2,2,2,1,1,1,1,1,1,1,1,2,2,1,1,1,1,1,1,1,1,1,1,1,2,1,2,1,1,2,1,1,1,1,1,0,1,1,2,1,1,1,2,1,1,1,1,2,1,2,1,0,1,1,1,1,1,2,1,0,1,1,2,1,1,1,1,1,1,1,2,2,1,0,1,1,1,2,1,2,2,2,1,1,1,2,1,1,1,2,1,2,2,2,2,2,2,2,2,1,2,2,2,1,1,1,2,2,2,2,2,1,1,1,1,1,2,2,2,1,2,1,2,1,2,1,2,2,2,2,2,2,2,1,2,1,2,2,1,2,2,2,1,1,1,1,2,2,1,1,1,2,1,2,2,1,1,2,1,2,2,2,2,0,1,1,2,2,1,1,2,2,2,2,2,2,1,2,1,1,2,2,1,2,2,2,2,2,1,1,2,2,1,2,1,1,2,2,1,2,1,1,2,2,1,2,2,2,1,1,1,1,1,2,1,1,1,1,1,1,2,1,1,1,1,1,1,1,2,2,2,2,2,2,2,2,1,1,2,2,2,1,2,2,2,2,1,2,1,1,2,2,2,2,2,2,1,1,2,2,2,2,1,2,1,2,1,1,1,1,2,2,1,2,2,2,2,2,1,1,1,2,2,2,2,2,2,2,1,2,2
TGW,QTgw.7D.1,1,1,1,1,1,1,0,1,1,1,1,1,2,1,1,1,1,2,1,1,1,1,1,1,1,1,1,1,1,2,1,1,1,0,1,1,1,1,2,1,0,1,2,0,2,1,1,0,1,1,1,1,1,1,2,1,1,1,1,1,1,1,2,1,1,1,1,1,1,1,2,2,1,2,1,1,1,1,1,1,1,1,1,1,1,1,1,1,1,1,1,1,1,1,1,1,1,1,1,1,1,1,1,2,1,1,1,1,0,1,1,1,2,1,1,1,1,1,1,1,1,1,1,1,1,1,1,1,1,1,1,1,2,1,1,1,1,0,1,1,1,1,1,1,1,1,1,1,1,0,1,1,1,1,1,1,1,1,1,1,1,2,1,1,1,1,1,1,1,1,1,1,1,1,1,1,1,1,1,1,1,1,1,1,1,1,1,1,1,1,1,1,1,1,1,1,1,1,1,1,1,1,2,1,1,1,1,1,1,1,1,1,1,1,1,1,1,1,2,1,1,1,1,1,2,2,1,1,1,1,1,1,1,1,1,1,0,1,1,1,1,2,1,1,1,1,1,1,1,1,1,1,1,1,1,1,1,1,1,1,1,1,1,1,1,1,1,1,1,1,1,2,2,1,1,1,1,2,1,2,1,1,1,1,1,1,2,1,1,1,1,2,2,2,1,1,1,1,1,2,1,0,2,1,1,1,0,1,1,1,2,1,1,2,1,1,1,1,1,1,1,1,1,1,1,1,1,1,1,1,2,1,1,2,1,1,1,2,1,1,1,1,1,1,1,1,1,1,1,1,1,1,1,1,1,1,1,1,1,1,1,2,1,1,1,1,2,1,1,2,1,1,1,1,1,1,1,1,1,2,2,1,1,1,1,1,1,1,1,0,1,2,2,1,1,1,1,1,1,1,0,2,1,2,0,2,2,1,1,1,1,2,0,1,1,2,1,1,1,1,1,1,2,2,0,2,0,1,1,1,1,1,1,2,1,1,1,1,1,1,1,0,2,2,1,1,1,1,1,1,2,2,2,0,1,1,2,1,1,1,1,1,2,1,2,0,2,1,1,1,1,1,1,2,2,2,1,1,1,1,1,1
GL,QGl.2A.1,2,1,1,2,1,1,1,2,2,1,1,1,2,1,1,2,2,1,2,1,1,2,1,1,1,1,1,1,1,1,2,1,1,0,1,1,1,2,1,2,2,1,0,2,2,2,2,1,1,0,2,2,1,2,1,1,1,1,2,1,1,1,2,2,1,1,1,1,2,2,2,2,1,2,2,1,1,1,1,1,2,1,1,1,1,1,1,1,1,1,1,1,1,2,2,1,1,2,2,2,1,1,2,2,2,1,1,2,2,2,1,1,2,1,1,2,2,2,2,2,1,1,2,2,1,1,2,2,2,2,1,1,1,1,2,1,1,1,2,1,1,2,2,1,2,2,2,1,2,2,1,2,2,2,2,2,2,1,2,1,1,2,1,1,1,2,1,1,2,1,1,1,2,1,1,2,1,2,2,2,2,1,1,1,2,1,2,1,1,1,1,1,2,2,1,1,2,2,1,1,2,2,2,2,2,2,2,1,1,2,1,1,1,2,1,2,1,2,2,1,2,2,2,1,2,1,2,1,1,1,2,2,2,1,2,2,1,1,2,1,2,1,1,1,1,2,1,2,2,1,0,1,2,2,1,1,1,1,1,1,1,1,1,1,1,1,2,1,2,2,2,2,2,1,1,1,2,2,1,2,1,1,1,2,2,2,2,2,1,1,1,2,2,2,1,2,1,2,1,1,1,1,2,1,1,1,1,1,1,1,2,1,2,1,2,1,2,2,2,1,2,1,2,2,1,2,2,1,1,1,1,1,1,2,1,1,1,1,1,2,1,1,1,1,1,1,1,2,1,1,1,1,2,2,2,2,1,2,1,2,0,1,1,2,2,2,1,1,2,1,1,1,1,1,1,1,1,1,1,1,2,2,2,2,2,2,2,2,1,1,1,1,1,2,1,1,1,1,1,1,1,2,1,2,2,1,2,1,2,2,1,1,1,1,2,1,2,2,2,1,2,2,1,1,1,1,1,2,2,2,1,1,2,2,0,2,2,2,2,1,1,2,2,2,2,2,2,1,1,1,2,2,2,2,2,1,2,1,2,2,1,2,2,2,2,1,2,2,1,2,2,2,2,2,2,2,2,1,1,1,1,2
GL,QGl.5A.1,1,2,1,1,1,1,1,2,1,1,1,1,2,1,1,2,1,1,1,1,1,1,2,1,1,2,2,1,1,1,2,1,1,1,1,1,1,1,1,1,1,1,1,1,1,1,1,1,1,1,1,2,1,2,1,1,1,1,1,1,1,2,1,2,1,2,1,1,1,2,1,1,1,1,1,1,1,1,1,1,1,1,1,1,1,1,1,2,1,1,1,1,2,1,2,1,1,1,1,1,2,1,1,1,2,1,1,1,1,2,1,1,1,1,1,1,1,2,2,1,1,1,2,1,1,1,1,1,1,1,1,2,1,1,1,1,1,2,2,2,1,1,1,2,1,2,1,2,1,1,1,1,1,2,2,1,1,1,1,1,2,1,1,2,1,1,1,1,2,2,2,1,1,1,2,1,1,2,1,1,1,1,2,1,1,1,1,1,1,2,1,2,1,1,1,1,1,2,1,1,1,1,1,1,1,2,2,1,1,1,1,1,1,1,2,2,1,1,1,1,1,2,1,1,1,1,1,1,1,0,1,1,1,2,1,2,0,1,1,1,2,2,1,1,1,1,1,1,1,1,1,1,1,2,1,1,0,0,2,2,2,1,1,1,1,1,2,2,1,2,1,2,2,2,1,1,2,2,1,1,1,1,1,1,1,1,2,1,1,1,2,2,1,1,0,1,1,1,1,1,1,1,1,1,1,1,1,1,1,1,2,1,1,2,1,2,1,2,2,2,1,1,2,1,2,1,1,2,1,1,1,2,1,1,1,1,1,2,2,1,2,2,1,1,1,1,1,1,1,1,1,1,1,1,1,2,1,1,1,1,1,2,1,1,1,1,2,1,1,1,1,1,1,2,0,1,2,2,2,0,1,2,1,2,2,1,1,2,1,1,2,2,2,1,2,2,2,2,2,1,2,2,2,1,2,2,2,2,1,1,2,2,2,2,2,2,1,1,1,2,2,1,1,1,1,1,1,2,1,2,2,1,1,1,2,2,2,2,2,1,1,2,2,2,1,2,1,2,1,2,2,2,2,1,2,1,2,2,1,2,2,1,1,1,2,1,1,2,1,2,2,1,1,2,0,2,2,1,1,1,1,1
GW,QGw.1B.1,1,1,1,1,1,1,2,1,1,1,1,1,2,1,1,1,1,1,1,2,2,1,2,1,1,1,1,1,1,1,1,1,1,1,1,1,1,1,1,2,2,1,1,1,1,1,1,1,1,0,1,1,1,1,1,1,1,1,1,1,1,1,1,1,1,1,1,2,1,1,1,1,1,1,1,1,1,1,1,1,1,1,1,1,1,1,1,1,1,1,1,1,1,1,1,1,1,1,1,1,1,1,1,1,2,1,1,1,1,1,1,1,1,1,1,1,1,1,1,1,1,1,1,1,1,1,1,1,1,1,1,1,1,1,1,1,1,1,1,1,1,1,1,1,1,1,1,1,1,1,1,1,1,1,1,1,1,1,1,1,1,1,1,1,1,1,1,1,1,1,1,1,1,1,1,1,1,1,1,1,1,1,1,1,1,1,1,1,1,1,1,1,1,1,1,1,1,1,1,1,1,1,1,1,1,1,1,1,1,1,1,1,1,1,2,1,1,1,1,1,1,1,1,1,2,1,1,1,1,1,1,1,1,1,1,1,2,2,1,2,2,1,2,1,1,1,1,1,1,2,1,1,2,2,1,1,2,2,2,1,1,1,1,1,1,1,1,1,1,1,1,2,2,1,1,1,1,1,1,1,1,1,2,1,1,1,2,1,1,1,1,2,1,1,1,1,1,1,1,1,1,1,1,1,1,1,1,1,1,1,1,1,1,1,1,1,1,1,1,1,1,1,1,1,1,2,1,2,1,2,1,1,1,1,1,1,1,1,1,1,1,1,1,1,2,1,1,1,1,1,1,1,1,1,1,1,1,1,1,1,1,1,1,1,1,1,1,2,1,1,1,1,1,2,1,1,1,1,1,1,1,1,1,2,1,1,1,1,1,1,2,1,1,1,1,1,2,2,1,1,1,1,1,2,0,1,1,2,2,1,1,2,1,1,1,2,1,1,1,1,1,1,1,1,1,1,1,1,1,1,2,1,1,1,2,1,1,2,1,1,1,1,1,1,1,1,1,2,1,2,1,1,1,1,1,1,1,2,1,1,1,1,1,1,1,1,1,1,1,1,1,1,1,1,1,2,1,1,1,1,1,1
GW,QGw.2B.1,1,1,2,1,1,1,0,1,2,1,1,1,1,1,1,1,1,1,2,1,1,1,1,1,2,1,1,1,1,1,2,1,1,1,1,1,1,1,1,2,0,1,0,0,2,1,1,1,1,0,2,1,1,2,1,2,1,1,1,1,1,1,1,1,1,1,1,1,2,1,1,1,1,1,1,1,1,1,1,1,0,1,1,1,1,1,1,1,1,1,0,1,1,1,1,1,1,1,1,1,0,1,1,1,1,1,1,2,2,2,1,2,1,1,1,1,2,1,1,1,1,1,1,1,1,1,2,2,1,1,1,1,1,1,1,1,1,1,1,2,1,1,1,1,1,1,1,1,1,1,1,1,1,1,1,1,1,1,1,1,1,1,1,1,1,2,1,1,1,1,1,1,1,2,1,1,1,1,1,1,0,1,1,1,1,1,1,1,1,1,1,1,1,1,1,1,1,2,1,1,1,1,1,1,1,1,1,1,1,2,1,1,1,1,1,1,1,1,1,1,1,1,2,2,1,2,1,1,1,1,1,2,2,1,1,1,1,0,1,1,1,1,1,1,1,1,1,2,1,1,1,1,1,1,1,1,1,1,1,2,1,1,1,1,1,2,2,1,1,1,1,1,1,2,1,0,1,2,1,1,2,1,1,1,1,1,1,1,1,1,1,1,1,1,1,1,1,1,2,2,2,1,2,1,1,1,1,1,1,1,2,1,1,1,1,2,1,2,2,2,2,1,1,2,1,2,1,1,1,1,1,2,2,2,2,1,2,1,1,1,1,1,1,1,1,1,1,1,1,1,1,1,1,1,0,1,1,2,2,1,1,1,2,1,1,1,1,1,1,1,1,1,1,2,1,1,1,1,1,1,1,2,1,2,2,1,1,1,1,1,1,1,2,2,2,2,2,2,1,2,2,2,2,2,0,2,2,1,2,2,2,2,2,2,2,1,1,1,1,0,2,2,2,2,1,1,1,2,2,2,2,2,1,2,2,2,2,2,2,1,1,2,1,1,2,2,2,1,1,1,1,1,1,1,2,1,1,1,1,1,1,1,2,2,2,2,1,1,2,1,2,1,2,1,2,1,1,0,1,1,1,2
GW,QGw.2D.1,2,1,1,2,2,2,1,2,1,2,2,1,2,2,2,1,1,1,1,2,2,1,2,2,1,2,2,1,1,1,2,1,2,1,1,1,2,1,1,1,1,2,2,2,1,2,2,1,1,0,1,1,1,2,1,0,2,1,2,1,2,2,1,1,1,2,2,2,1,1,1,2,1,2,1,1,1,2,2,2,1,1,1,1,2,1,1,1,1,2,1,2,1,0,2,1,1,1,1,1,1,2,1,1,2,1,1,1,1,1,2,1,1,1,2,1,1,1,1,1,1,1,1,2,1,1,1,1,1,2,2,1,1,2,1,1,1,1,1,1,1,2,1,1,1,1,1,1,1,1,1,1,1,1,1,1,2,1,1,1,2,1,1,1,2,1,1,1,1,1,1,1,1,1,1,1,1,1,1,1,1,1,1,1,1,1,1,1,1,1,1,1,2,0,1,1,1,1,1,1,1,1,1,1,1,1,1,1,1,1,1,1,1,1,1,1,1,1,1,1,1,1,1,1,1,2,2,1,1,1,1,1,1,2,1,2,1,0,1,1,1,1,1,1,2,1,1,1,1,1,1,1,1,1,2,1,1,1,1,1,1,2,1,1,1,1,2,1,1,2,1,1,1,1,1,1,2,1,2,1,1,1,1,0,1,1,1,1,1,1,2,1,1,1,1,1,1,1,1,0,1,0,1,1,1,1,1,2,1,1,1,1,1,2,1,1,1,1,1,2,1,1,2,1,1,1,1,2,2,2,2,1,1,1,1,1,1,2,1,2,1,1,1,2,2,2,2,1,2,2,2,1,2,2,1,1,1,1,2,2,1,2,1,1,2,1,2,1,2,2,1,2,1,1,2,1,1,1,1,1,1,1,2,1,1,1,1,1,1,1,1,1,2,2,2,1,2,2,2,2,2,2,2,1,1,2,2,2,2,1,2,2,1,2,1,1,1,1,1,1,1,1,2,2,2,2,2,1,1,1,1,1,1,1,1,1,1,1,1,1,1,1,1,1,1,1,1,1,1,1,1,1,1,1,1,1,1,1,1,1,1,1,2,2,1,2,1,1,1,1,1,1,1,1,1,1,1,1,1,1,1,1
GW,QGw.3B.1,1,1,1,1,1,1,1,1,1,1,1,1,1,1,1,1,1,1,1,1,1,1,1,1,1,1,1,1,1,1,1,1,1,1,1,1,1,1,1,2,2,1,1,0,1,1,1,1,1,1,1,1,1,1,1,1,1,1,1,1,1,1,1,1,1,1,1,1,1,1,1,1,1,1,1,1,1,1,1,1,1,1,1,1,1,1,1,1,1,1,1,1,1,1,1,1,1,1,1,1,1,2,1,1,1,1,1,1,2,1,1,1,1,1,1,1,1,1,1,1,1,1,1,1,1,1,1,1,1,1,1,1,1,1,1,1,1,1,1,1,1,1,1,1,1,1,1,1,1,1,1,1,1,1,1,1,1,1,1,1,1,1,1,1,1,1,1,1,1,1,1,1,1,1,1,1,1,1,1,1,0,1,1,1,1,1,1,1,1,1,1,1,1,1,1,1,1,1,1,1,1,1,1,1,1,1,1,1,1,1,2,1,1,1,1,1,1,1,1,1,1,1,1,1,1,1,1,1,1,1,1,1,1,1,1,1,1,1,1,1,1,1,1,1,1,1,1,1,1,1,1,1,1,1,1,1,1,1,1,1,1,1,1,1,1,1,1,1,2,1,1,1,1,1,1,1,1,2,1,1,1,1,1,1,1,1,1,1,1,1,1,1,1,1,1,1,1,1,1,1,2,2,1,1,1,1,1,1,1,1,1,1,1,1,1,1,1,1,1,1,1,1,1,1,1,1,1,1,1,1,1,1,2,1,1,1,1,1,1,1,1,1,1,1,1,1,1,1,1,1,1,1,1,1,1,1,1,1,1,1,1,1,1,1,1,1,1,1,1,1,2,1,1,1,1,1,1,1,1,1,1,1,1,1,1,1,1,1,1,1,1,1,1,2,2,2,2,2,1,1,2,1,1,1,2,1,1,1,1,1,1,1,0,2,1,1,1,1,1,1,1,2,1,1,1,1,1,1,1,1,1,1,1,1,1,1,1,1,1,1,1,1,1,1,2,1,1,2,1,2,1,1,1,2,1,1,1,2,1,1,1,1,1,2,1,1,1,1,1,1,1,1,1,1,1,1,1,1,1,1,1,1
GW,QGw.5A.1,1,1,1,1,1,1,2,2,1,1,1,1,1,1,1,2,0,2,1,2,2,2,1,1,1,1,1,1,2,1,1,1,1,1,1,1,1,1,0,1,1,1,1,0,1,1,1,0,1,1,1,1,1,1,1,1,1,2,1,1,1,1,1,2,1,1,1,1,1,1,1,1,1,1,1,1,1,1,1,1,1,1,1,1,1,1,1,1,1,1,2,1,1,1,1,1,1,1,1,1,1,1,1,1,1,1,1,1,0,1,1,1,1,1,1,1,1,1,1,1,1,1,1,1,1,1,1,1,1,1,1,2,1,1,1,1,1,0,1,1,1,1,1,1,1,1,1,1,1,1,1,1,1,1,1,1,1,1,1,2,2,1,1,1,1,1,1,1,1,1,1,1,1,1,1,1,1,1,1,1,0,2,1,1,1,1,1,1,1,1,1,1,1,1,1,1,1,1,1,1,1,1,1,1,1,1,1,2,1,1,1,1,1,1,1,1,1,1,1,1,1,1,1,1,2,1,1,1,1,1,1,1,1,1,1,1,1,1,1,1,1,1,0,2,1,1,1,1,1,1,0,1,2,2,1,1,1,1,1,2,2,1,2,2,2,1,1,2,2,1,1,1,1,2,2,2,1,1,1,1,1,2,1,1,1,1,1,1,1,1,1,1,1,1,1,1,1,0,1,2,1,2,1,1,2,2,2,2,1,1,1,1,1,1,1,1,1,1,1,1,1,1,1,1,1,1,1,1,2,1,2,2,1,0,1,1,1,1,1,1,1,1,1,1,2,1,1,1,1,1,1,1,1,1,1,2,1,2,1,1,1,1,1,1,1,1,1,1,1,1,1,1,1,2,1,1,1,1,1,0,2,1,1,0,1,2,1,1,1,2,1,1,2,2,1,2,1,1,2,2,1,1,1,2,1,1,1,2,2,1,1,1,0,1,1,1,1,1,1,1,1,1,2,2,2,2,2,1,1,1,1,1,1,1,1,1,1,1,1,1,1,1,1,1,1,1,1,1,1,1,1,1,1,1,1,1,1,1,1,1,2,1,2,2,1,2,1,2,1,1,1,1,1,1,2,1,2,0,2,2,2,1
GW,QGw.5B.1,1,1,1,1,1,1,2,1,1,1,1,2,1,1,1,1,1,1,1,2,2,1,1,1,1,1,1,2,1,1,2,1,1,1,1,1,1,1,0,1,1,1,1,1,1,2,1,1,1,1,1,1,1,2,1,1,1,2,1,1,1,1,1,1,1,1,1,1,1,1,1,1,1,1,1,1,1,2,1,1,2,2,2,2,1,1,1,2,1,1,1,1,1,2,2,1,1,2,1,2,1,1,2,2,2,2,2,1,2,1,1,2,1,1,1,2,0,2,1,1,1,1,1,2,1,2,1,1,1,2,1,1,1,1,1,1,1,2,1,1,1,1,0,1,2,2,2,1,1,1,2,1,1,1,1,1,1,2,1,1,1,1,1,1,1,1,1,2,1,1,2,1,1,1,1,1,1,1,1,1,0,2,1,1,2,2,1,1,1,2,1,1,2,0,2,1,1,1,2,2,1,2,2,1,1,1,1,1,1,1,2,2,2,1,1,1,2,1,2,2,1,1,1,1,2,1,0,2,1,1,1,1,1,2,1,1,1,2,2,1,1,1,1,1,1,1,1,1,2,1,2,1,2,1,1,1,1,1,1,1,1,1,1,1,1,1,2,1,1,2,2,1,1,1,1,0,2,1,1,1,2,1,2,0,2,2,2,2,2,1,1,2,2,2,1,1,1,1,2,2,2,2,1,1,1,2,0,2,2,2,2,1,1,2,1,2,1,2,2,2,2,2,2,1,1,1,1,2,2,1,2,1,2,1,1,1,1,2,1,2,1,2,1,1,1,2,2,1,2,2,1,1,2,2,2,1,2,1,1,2,2,2,1,2,2,2,2,1,2,1,1,1,1,1,2,1,2,1,2,1,1,2,2,2,2,1,2,1,1,1,1,1,1,2,2,2,2,2,2,1,1,1,1,2,0,1,1,1,1,1,1,1,2,1,1,1,1,1,1,2,1,2,2,2,2,2,2,1,1,2,2,2,1,2,2,2,2,1,2,1,2,2,2,2,2,2,2,1,1,1,1,1,1,1,2,1,2,1,1,1,1,1,2,1,2,2,2,2,1,1,1,1,2,2,2,2,1,2,2,1,1,2
GW,QGw.6A.1,1,1,1,1,1,1,0,1,1,1,2,1,1,1,1,2,1,1,1,0,2,2,1,1,1,1,1,2,2,1,2,1,1,1,1,1,1,1,1,1,1,1,1,1,1,1,1,2,1,1,1,1,1,1,1,1,1,1,1,1,1,1,1,1,1,1,1,2,1,1,1,1,1,1,1,1,1,1,1,1,1,1,1,1,1,1,1,1,1,1,1,1,2,1,1,1,1,1,1,1,1,2,1,1,1,1,1,1,1,1,1,1,1,1,1,1,1,1,1,1,1,1,1,1,1,1,1,1,1,1,1,2,1,1,1,1,1,1,1,1,1,1,1,1,1,1,1,1,1,1,1,1,1,1,1,1,1,1,1,2,1,1,1,1,1,1,1,1,1,1,1,1,1,1,1,1,1,1,1,1,1,2,1,1,1,1,1,1,1,1,1,1,1,1,1,1,1,1,1,1,1,1,1,1,1,1,1,1,1,1,1,1,1,1,1,1,1,1,1,1,1,1,1,1,2,1,1,1,1,1,1,1,1,1,1,1,0,1,1,2,2,1,1,0,1,1,1,1,1,2,1,1,1,1,1,2,2,2,2,2,2,1,1,2,2,1,1,2,1,1,1,1,1,2,1,1,1,1,1,1,1,1,1,1,1,1,1,1,1,1,1,1,1,1,1,1,1,1,1,1,2,1,2,1,1,1,1,1,1,1,2,1,1,1,1,2,1,2,2,1,1,1,1,2,1,1,1,1,1,1,1,1,2,2,1,2,1,1,1,1,1,1,1,1,1,1,1,1,1,1,2,2,1,1,1,1,1,2,1,1,1,1,1,1,1,1,1,1,1,1,1,1,1,1,1,1,1,1,1,1,2,2,1,1,2,1,1,1,1,1,1,1,1,1,1,1,1,1,1,1,1,1,1,1,1,1,1,1,0,1,1,1,1,1,1,1,2,1,1,1,2,1,1,1,1,1,1,2,1,1,1,2,1,1,2,2,1,2,1,1,1,2,1,1,1,1,1,2,1,2,2,2,2,1,1,1,1,2,1,2,1,1,1,1,2,1,1,2,1,2,2,1,1,2,2,1,2,1,1,2,1,0
GW,QGw.7B.1,1,1,1,1,1,1,1,1,1,1,1,1,1,1,1,1,1,1,1,1,1,1,1,1,1,1,1,1,1,1,1,1,1,1,1,1,1,1,2,1,1,1,1,1,1,2,1,2,1,2,2,1,2,1,1,1,1,2,1,1,1,1,2,1,1,1,1,1,1,1,1,1,1,1,1,1,1,1,1,1,1,0,1,1,1,1,1,2,1,1,0,1,1,1,1,1,1,1,1,1,0,1,1,2,1,1,1,1,1,1,1,1,1,1,1,1,1,2,1,1,1,1,1,2,1,1,1,1,1,1,1,1,1,1,1,1,1,0,1,1,1,1,1,1,1,2,2,1,2,1,1,1,1,1,1,1,1,1,1,1,1,1,1,1,1,1,1,1,1,1,1,1,1,1,1,1,1,1,1,1,2,1,1,2,1,0,1,1,1,1,1,1,2,1,1,1,1,1,1,1,1,1,1,1,1,1,1,1,1,2,1,1,1,1,1,1,1,1,1,1,1,1,1,1,2,1,1,1,1,1,1,1,1,2,1,2,1,1,1,1,1,1,0,1,1,1,1,2,1,1,1,1,1,1,1,1,1,1,1,1,1,1,1,1,1,2,1,1,1,1,1,1,1,1,1,1,1,1,1,2,1,1,1,1,1,1,1,1,2,1,2,1,1,1,1,1,1,1,1,1,1,1,1,1,1,1,2,1,1,1,1,2,1,1,0,1,1,1,1,1,1,2,1,1,1,1,1,1,1,1,1,2,1,1,1,1,1,1,1,0,1,1,1,1,1,1,1,1,1,2,1,1,2,1,2,1,2,1,1,1,0,1,1,2,2,2,1,1,2,1,1,2,2,2,2,1,2,1,2,2,1,1,1,2,1,2,2,1,1,1,1,2,2,2,1,1,1,1,1,2,1,1,1,1,1,1,1,1,2,1,1,1,2,1,0,1,1,1,1,1,1,1,1,1,1,1,1,1,1,1,1,1,1,1,1,1,1,1,1,1,2,1,1,1,1,1,1,1,1,2,1,1,1,1,1,1,1,1,1,1,2,1,1,1,2,1,2,1,1,1,1,1,1,1,1,1,1,1,1,1,1,1
GW,QGw.7D.1,1,1,1,1,1,1,1,1,2,1,1,1,1,1,1,1,1,1,2,1,1,1,2,1,1,1,1,1,1,1,1,1,1,1,1,1,1,1,1,1,1,1,1,1,1,1,1,1,1,1,1,1,1,1,1,2,1,1,1,1,1,1,1,1,1,1,1,1,1,1,1,1,1,1,1,1,1,1,1,1,1,1,1,1,1,1,1,1,1,1,1,1,1,1,1,1,1,1,1,1,1,1,1,2,1,1,1,1,1,1,1,1,1,1,1,1,1,1,1,1,1,1,1,1,1,1,1,1,1,1,1,1,1,1,1,1,1,2,1,1,1,1,1,1,1,1,1,1,1,1,1,1,1,1,1,1,1,1,1,1,1,1,1,1,1,1,1,1,1,1,1,1,1,1,1,1,1,1,1,1,1,1,1,1,1,1,1,1,1,1,1,1,1,1,1,1,1,1,1,1,1,1,2,1,1,1,1,1,1,1,1,1,1,1,1,1,1,1,1,1,1,1,1,1,1,1,1,1,1,1,1,1,1,1,1,1,1,1,1,1,1,1,1,1,1,1,1,1,1,1,1,1,2,1,1,1,1,1,1,1,1,1,1,1,1,1,1,1,1,1,1,1,1,1,1,0,1,1,1,2,1,1,1,1,1,1,1,1,1,1,1,1,2,2,1,2,1,1,0,1,1,2,1,1,2,1,2,2,2,2,1,2,1,1,2,1,1,1,1,1,1,1,1,1,1,1,1,1,2,1,2,1,1,1,1,1,1,2,1,1,1,1,1,1,1,1,1,1,1,1,1,1,1,1,1,2,1,1,1,1,1,2,1,1,1,1,2,1,1,2,1,1,1,2,1,1,1,1,1,1,2,1,1,1,1,1,1,1,1,1,1,1,1,1,1,1,1,1,2,2,1,2,1,1,2,2,2,1,2,1,2,1,2,1,1,1,1,1,1,1,1,2,1,1,1,1,1,1,1,1,1,1,1,1,1,1,1,1,1,1,1,1,1,1,2,1,2,1,1,2,2,2,2,2,1,1,1,1,1,1,2,1,2,2,2,1,2,1,1,1,1,1,1,2,1,1,1,1,1,1,1,1
GW,QGw.7D.2,1,1,1,1,1,1,2,1,1,1,1,1,2,1,1,1,1,2,1,1,1,1,1,1,1,1,1,1,1,2,2,1,1,2,1,1,1,1,2,1,2,1,2,2,2,1,1,1,1,1,1,1,1,1,2,1,1,1,1,1,1,1,2,1,1,1,1,1,1,1,2,2,1,2,1,1,1,1,1,1,1,1,1,1,1,1,1,1,1,1,1,1,1,1,1,1,1,1,1,1,1,1,1,2,1,1,1,1,1,1,1,1,2,1,1,1,1,1,1,1,1,1,1,1,1,1,1,1,1,1,1,1,2,1,1,1,1,0,1,1,1,1,1,1,1,1,1,1,1,2,1,1,1,1,1,1,1,1,1,1,1,2,1,1,1,1,1,1,1,1,1,1,1,1,1,1,1,1,1,1,2,1,1,1,1,1,1,1,1,1,1,1,1,1,1,1,1,1,1,1,1,1,2,1,1,1,1,1,1,1,1,1,1,1,1,1,1,1,2,1,1,1,1,1,2,1,1,1,1,1,1,1,1,1,1,1,1,1,1,1,1,2,1,1,1,1,1,1,1,1,1,1,1,1,1,1,1,1,1,1,1,1,1,1,1,1,1,1,1,1,1,2,2,1,1,1,1,2,1,2,1,1,1,1,1,1,2,1,1,1,1,2,2,2,1,1,1,1,1,2,1,2,2,1,1,1,1,1,1,1,2,1,1,1,1,1,1,1,1,1,1,1,1,1,1,1,1,1,1,1,2,1,1,2,1,1,1,1,1,1,1,1,1,1,1,1,1,1,1,1,1,1,1,1,1,1,1,1,1,1,1,1,1,1,1,1,1,1,1,1,1,1,1,1,1,1,1,1,1,2,2,1,1,1,1,1,1,1,1,1,1,2,2,1,1,1,1,1,1,1,1,2,1,0,0,2,2,1,1,1,2,1,2,1,1,2,1,1,1,1,1,1,2,2,2,2,2,1,1,1,1,1,1,2,1,1,1,1,1,1,1,1,1,1,1,1,1,1,1,1,2,2,2,2,1,1,1,1,1,1,2,1,2,1,2,2,2,1,1,1,1,1,1,2,2,2,1,1,1,1,1,1
